1,0.53767,12.021,-4.1115,12,8,8.245,29,0.15455,14,8
1,1.8339,7.9927,-1.3977,6,9,21.681,38,0.02957,15,11
1,-2.2588,8.799,-1.7295,5,14,27.543,34,0.05884,9,7
1,0.86217,7.9846,-6.0761,4,16,5.6999,30,0.30824,16,7
1,0.31877,11.727,-5.3898,5,10,26.177,31,0.027295,13,10
1,-1.3077,7.6657,-2.7988,1,14,3.1889,25,0.045374,20,11
1,-0.43359,6.8093,-4.639,3,13,21.762,32,0.050375,15,8
1,0.34262,11.659,-1.591,5,15,7.7597,31,0.018501,21,8
1,3.5784,8.7297,-7.0603,5,10,6.1279,28,0.052469,15,8
1,2.7694,11.085,-3.585,9,6,4.7221,37,0.019891,9,10
1,-1.3499,8.9443,-4.135,7,10,1.9375,27,0.057146,15,11
1,3.0349,10.809,-0.82444,10,17,7.7557,31,0.00032178,17,8
1,0.7254,2.3067,-9.0365,7,16,1.0683,34,0.023783,17,8
1,-0.063055,11.398,-4.9978,7,13,35.209,37,0.071554,17,9
1,0.71474,15.561,-4.8395,9,16,0.48618,35,0.23792,20,7
1,-0.20497,13.118,-12.026,7,17,1.8875,28,0.01173,19,7
1,-0.12414,12.733,-1.2557,6,11,39.377,34,0.025612,17,8
1,1.4897,9.2808,3.4277,7,11,5.415,29,0.060184,19,11
1,1.409,10.543,-5.6966,6,11,1.3205,19,0.014081,13,7
1,1.4172,10.733,-4.1389,6,19,20.762,25,0.17472,25,12
1,0.6715,10.289,-6.3938,4,9,26.622,30,0.21579,23,9
1,-1.2075,7.5086,-3.847,5,7,6.1317,32,0.010899,16,8
1,0.71724,8.9432,-6.1395,8,6,48.441,35,0.039011,13,7
1,1.6302,9.4757,-5.3053,8,10,14.192,34,0.092751,14,8
1,0.48889,8.558,-0.14555,4,13,1.1824,25,0.057053,16,9
1,1.0347,12.511,-7.5417,8,13,31.717,34,0.040484,12,11
1,0.72689,17.615,-6.7276,3,11,7.7133,19,0.020656,14,10
1,-0.30344,6.03,-5.2277,5,13,1.9764,35,0.10269,16,5
1,0.29387,10.385,-5.3974,4,19,11.538,26,0.0019501,17,11
1,-0.78728,5.6729,-0.68207,7,14,11.589,35,0.034997,20,6
1,0.8884,13.908,1.0938,10,10,5.4368,36,0.099682,16,8
1,-1.1471,14.23,-7.9346,6,17,14.631,27,0.076766,15,8
1,-1.0689,5.0124,-6.9231,3,6,24.553,31,0.065722,20,7
1,-0.8095,15.831,-3.4386,2,8,10.581,25,0.049346,23,9
1,-2.9443,6.7459,-6.1421,7,11,0.30964,41,0.19808,15,6
1,1.4384,10.68,0.97856,9,12,2.2819,33,0.3088,25,7
1,0.32519,13.297,-0.092389,3,7,17.047,26,0.072216,16,9
1,-0.75493,10.442,-3.3229,10,10,16.964,37,0.020402,15,8
1,1.3703,16.887,-3.3091,4,12,8.2295,25,0.075608,16,12
1,-1.7115,18.258,-6.0152,3,12,4.7626,33,0.049422,14,9
1,-0.10224,10.415,-2.7091,7,12,11.279,33,0.016842,15,6
1,-0.24145,4.2788,-1.6177,8,13,6.5386,35,0.011005,16,10
1,0.31921,8.905,-4.5753,5,8,6.5976,36,0.023678,19,12
1,0.31286,7.4557,0.7844,5,10,2.1618,32,0.026207,15,7
1,-0.86488,7.7057,-2.9881,6,12,16.95,31,0.0474,22,6
1,-0.030051,6.6169,-5.3303,8,20,12.489,22,0.077187,15,9
1,-0.16488,10.235,-3.8871,3,15,1.9928,23,0.041705,14,12
1,0.62771,16.32,-1.7102,5,13,20.455,31,0.20759,20,7
1,1.0933,7.8525,-6.1945,7,14,25.794,38,0.16063,15,12
1,1.1093,9.1585,-5.2564,5,9,1.861,34,0.24183,13,9
1,-0.86365,13.499,2.1199,6,13,3.3144,25,0.12802,20,10
1,0.077359,13.638,-6.4218,7,12,3.5109,29,0.37652,22,8
1,-1.2141,11.457,-2.161,7,12,6.7546,24,0.19175,16,4
1,-1.1135,13.078,-2.5455,5,6,14.963,33,0.17261,11,8
1,-0.0068493,12.612,-0.23309,3,9,5.9028,31,0.12067,15,10
1,1.5326,8.8547,-3.422,5,9,3.7639,29,0.16224,9,8
1,-0.76967,11.287,-12.396,0,11,1.6599,37,0.040744,14,9
1,0.37138,9.1026,-7.5576,4,16,12.462,31,0.20249,15,7
1,-0.22558,7.3004,-3.4648,10,10,29.954,40,0.011967,22,11
1,1.1174,11.904,-4.2267,8,13,3.8546,34,0.17135,19,7
1,-1.0891,10.202,0.88734,4,11,22.974,21,0.07253,23,11
1,0.032557,9.4386,-0.78106,5,15,3.4597,22,0.05689,22,4
1,0.55253,10.875,-3.5095,6,15,5.0107,29,0.13947,16,9
1,1.1006,12.963,-4.7515,8,14,19.769,34,0.073035,19,9
1,1.5442,11.179,-9.6454,1,12,8.1309,33,0.049606,17,10
1,0.085931,10.584,0.58948,6,10,6.3621,37,0.015403,14,10
1,-1.4916,10.839,-4.5979,5,17,1.9246,32,0.036035,23,5
1,-0.7423,10.154,-9.638,6,7,46.577,26,0.00038516,26,6
1,-1.0616,7.6766,-3.7002,3,14,7.4043,34,0.0099492,18,9
1,2.3505,12.36,-4.6911,8,18,31.042,33,0.44844,27,9
1,-0.6156,14.227,-6.711,2,15,13.861,31,0.43785,22,7
1,0.74808,8.3977,-3.5208,12,11,3.4585,27,0.010784,17,8
1,-0.19242,15.783,-7.1225,3,9,7.609,32,0.010795,8,6
1,0.88861,9.4713,-9.0441,4,8,24.937,30,0.064913,16,10
1,-0.76485,9.2687,-10.263,8,12,1.6093,34,0.0043846,13,12
1,-1.4023,7.3072,-6.0914,9,16,34.909,30,0.31263,9,10
1,-1.4224,7.623,-6.8813,6,20,14.36,31,0.16078,15,6
1,0.48819,7.1411,-3.6795,5,14,47.147,22,0.027864,20,7
1,-0.17738,11.062,-9.5079,4,11,16.519,28,0.2073,15,8
1,-0.19605,14.791,-5.6247,5,13,20.499,29,0.27383,18,11
1,1.4193,11.582,-9.5154,4,9,3.3793,21,0.04563,18,8
1,0.29158,12.563,0.42922,4,11,30.796,35,0.060485,16,4
1,0.19781,14.026,-5.3509,7,12,19.943,28,0.224,15,9
1,1.5877,2.5014,-1.3214,9,17,31.663,29,0.045696,23,10
1,-0.80447,9.4973,-3.5152,5,9,3.1517,29,0.056915,24,10
1,0.69662,11.059,-2.2742,7,12,6.836,35,0.045265,12,7
1,0.83509,12.152,-8.4627,6,14,14.783,26,0.056379,23,11
1,-0.24372,6.0854,-1.2273,6,19,6.0703,25,0.047259,19,8
1,0.21567,6.9824,-0.6424,4,14,1.3214,30,0.14826,20,9
1,-1.1658,12.372,-11.23,3,12,17.567,32,0.038789,19,7
1,-1.148,9.6503,-5.5295,4,8,12.165,34,0.15629,21,11
1,0.10487,11.659,-6.9562,7,8,21.139,19,0.052287,14,12
1,0.72225,7.1181,-4.5304,8,12,2.5862,27,0.021824,22,10
1,2.5855,5.0986,-7.5507,7,17,37.282,33,0.077003,19,9
1,-0.66689,12.284,-4.1629,7,13,10.269,27,0.015201,18,6
1,0.18733,13.58,-3.2087,6,11,18.147,37,0.038246,14,10
1,-0.082494,14.896,-4.2658,5,11,12.87,25,0.041225,17,6
1,-1.933,5.4034,-5.355,4,14,23.981,31,0.00079907,19,6
1,-0.43897,5.9894,-8.8682,5,14,6.8832,23,0.028824,16,9
1,-1.7947,5.5785,-4.8273,5,11,7.6322,36,0.24388,22,8
1,0.84038,9.875,-6.5628,8,15,25.206,42,0.041434,21,13
1,-0.88803,8.1535,-8.8371,4,14,0.27002,35,0.0057255,16,7
1,0.10009,13.942,-5.1687,9,11,3.9652,30,0.099331,27,9
1,-0.54453,5.6348,-5.629,7,13,29.057,29,0.057156,22,7
1,0.30352,4.773,-4.4237,5,12,31.05,28,0.11587,11,7
1,-0.60033,10.616,-2.023,6,14,8.3184,32,0.10609,14,12
1,0.48997,13.579,-3.2713,6,15,14.69,41,0.12091,14,9
1,0.73936,7.5915,-1.0826,1,11,9.5468,30,0.06193,26,11
1,1.7119,6.2031,-7.1879,6,17,29.272,38,0.020887,18,11
1,-0.19412,9.552,-7.5937,10,14,0.31429,36,0.13083,20,10
1,-2.1384,5.0907,-5.2848,6,10,3.4372,33,0.033044,18,7
1,-0.83959,10.052,-0.85036,9,19,1.5548,33,0.016723,18,9
1,1.3546,12.485,-1.089,11,8,5.1675,31,0.012246,18,7
1,-1.0722,10.653,-5.3774,4,13,2.5509,28,0.031038,15,8
1,0.96095,4.2723,-6.7906,5,5,19.742,28,0.00026427,17,9
1,0.12405,8.3895,-9.5619,5,5,2.756,35,0.031944,20,7
1,1.4367,9.0939,-2.9845,5,12,17.614,31,0.10226,19,9
1,-1.9609,15.441,-4.9315,10,6,3.7714,33,0.24487,13,9
1,-0.1977,12.745,-8.5334,5,11,12.097,26,0.14775,14,11
1,-1.2078,9.8288,-6.0037,7,11,58.439,30,0.057321,21,8
1,2.908,13.928,-10.488,10,9,23.586,31,0.041513,16,8
1,0.82522,6.8658,-3.71,3,15,22.957,25,0.056255,22,8
1,1.379,8.9552,-5.522,3,10,9.9305,25,0.087613,15,9
1,-1.0582,14.238,-0.10627,10,9,12.611,23,0.14996,16,5
1,-0.46862,14.507,-9.0783,3,16,20.358,24,0.011377,19,9
1,-0.27247,12.191,-2.0885,8,17,25.8,28,0.29793,21,8
1,1.0984,11.472,-4.5691,7,9,4.8453,39,0.10662,16,11
1,-0.27787,8.2416,-4.7522,3,14,5.3425,29,0.11241,19,9
1,0.70154,12.235,-2.85,6,8,19.324,35,0.17082,16,8
1,-2.0518,7.5155,-1.4195,6,7,13.693,27,0.11584,16,6
1,-0.35385,11.724,-8.2132,10,3,3.8878,27,0.21656,17,4
1,-0.82359,10.846,-1.0433,4,7,29.706,25,0.0014045,14,12
1,-1.5771,13.418,-8.63,6,6,2.6542,34,0.18326,25,6
1,0.50797,8.7224,-8.2223,9,11,12.27,35,0.040243,8,9
1,0.28198,11.908,-7.0177,8,10,15.493,16,0.23546,20,5
1,0.03348,12.38,-2.7906,7,11,2.0634,31,0.023694,10,8
1,-1.3337,7.3049,-8.2099,9,12,7.2886,30,0.076621,14,8
1,1.1275,10.469,-3.9959,7,10,13.627,23,0.20224,13,8
1,0.35018,14.792,-3.7644,4,14,8.4866,29,0.051703,24,10
1,-0.29907,10.337,-4.5376,8,10,14.978,26,0.011206,21,9
1,0.02289,9.0741,-3.3363,3,20,9.2295,26,0.082512,12,11
1,-0.262,11.37,-8.5185,10,15,10.552,31,0.005794,20,9
1,-1.7502,9.1747,-1.9772,6,17,3.0412,29,0.00068775,17,6
1,-0.28565,11.329,-4.6594,7,14,7.8466,29,0.13683,14,8
1,-0.83137,9.5957,-2.8098,2,6,11.447,29,0.16713,16,10
1,-0.97921,9.945,-7.9505,6,9,19.115,31,0.0047978,19,9
1,-1.1564,11.382,-4.8439,5,18,20.055,33,0.086894,18,7
1,-0.53356,14.087,-2.3672,8,15,2.8031,27,0.12115,21,10
1,-2.0026,11.356,-1.9576,7,7,0.77481,36,0.221,21,8
1,0.96423,14.945,-5.253,4,17,18.02,24,0.25719,20,9
1,0.52006,3.9149,-10.561,6,7,2.2512,30,0.051905,25,9
1,-0.020028,8.6522,-8.2905,9,11,53.946,28,0.067076,18,12
1,-0.034771,10.708,-4.3441,12,16,25.751,25,0.16599,14,9
1,-0.79816,7.4945,-2.6173,11,16,2.1669,34,0.021343,11,7
1,1.0187,6.1721,-3.6106,6,12,15.072,31,0.14216,17,9
1,-0.13322,11.851,-6.8379,8,6,7.7565,32,0.12962,7,7
1,-0.71453,11.838,1.7332,6,11,2.8321,33,0.12298,17,10
1,1.3514,10.868,-4.783,2,17,51.785,30,0.0041014,14,6
1,-0.22477,11.186,-2.4035,3,10,15.012,25,0.10753,25,8
1,-0.58903,7.3883,-6.2471,3,8,10.722,34,0.086939,22,7
1,-0.29375,8.5069,-8.3448,7,10,67.969,30,0.0051082,18,11
1,-0.84793,9.68,-2.9442,7,12,10.354,35,0.087497,11,10
1,-1.1201,7.9365,-1.887,4,12,7.6097,30,0.10179,24,9
1,2.526,10.996,0.46663,3,12,18.325,37,0.017602,16,6
1,1.6555,17.096,-6.587,6,11,7.0407,31,0.0084322,14,8
1,0.30754,8.5533,-9.8839,7,14,6.1012,29,0.046888,13,9
1,-1.2571,11.942,-0.14809,8,15,12.911,25,0.21913,23,8
1,-0.86547,6.8967,-4.2076,5,12,30.639,29,0.17921,25,7
1,-0.17653,14.019,-8.3814,4,10,3.875,35,0.14248,18,7
1,0.79142,7.0926,-6.6775,6,8,4.605,36,0.10407,13,7
1,-1.332,10.626,-7.4265,4,15,13.249,23,0.2436,12,9
1,-2.3299,8.1442,-1.517,7,7,3.517,23,0.017258,17,8
1,-1.4491,11.536,-3.2237,7,13,4.4381,28,0.10662,15,10
1,0.33351,10.034,-4.2718,6,18,6.6635,26,0.077768,16,5
1,0.39135,9.868,-4.2786,7,15,14.847,41,0.10541,14,11
1,0.45168,18.847,-7.4645,2,6,7.5005,31,0.076013,16,9
1,-0.13028,8.1099,-2.0207,8,17,19.93,41,0.28527,19,9
1,0.18369,9.8594,-3.9608,4,9,24.025,34,0.32911,17,6
1,-0.47615,18.049,-5.7834,9,9,8.314,28,0.40211,12,6
1,0.86202,6.5599,-5.5541,5,15,15.256,27,0.044157,15,9
1,-1.3617,11.659,-5.3052,9,11,6.4792,24,0.041906,22,8
1,0.45503,6.7706,-7.6611,5,15,9.5072,29,0.14369,16,4
1,-0.84871,13.092,-2.7759,4,16,7.4028,30,0.21001,17,7
1,-0.33489,10.983,-0.82338,6,6,25.443,30,0.2179,18,10
1,0.55278,11.956,2.4217,10,7,9.8291,37,0.136,20,8
1,1.0391,9.1634,-3.4882,4,15,11.683,31,0.17098,17,9
1,-1.1176,10.736,-7.4674,7,13,10.481,33,0.040893,13,10
1,1.2607,14.418,-4.3971,5,14,4.7498,27,0.16037,14,9
1,0.66014,3.1747,-8.0212,5,13,18.24,31,0.054263,17,7
1,-0.067866,5.1001,-6.8395,2,11,18.943,23,0.017813,21,7
1,-0.19522,11.246,-6.9769,4,13,26.865,22,0.12639,15,11
1,-0.21761,8.0357,-7.4997,6,12,7.7469,26,0.1794,24,9
1,-0.30311,9.111,-3.8655,4,20,7.8246,31,0.08326,16,6
1,0.023046,5.5092,-8.346,5,14,30.285,26,0.14305,13,10
1,0.05129,7.2855,-2.9983,4,7,14.787,26,0.061867,25,7
1,0.82606,8.7875,-2.614,2,16,22.984,32,0.17193,20,8
1,1.527,7.8226,-1.8875,8,18,2.0594,30,0.055762,9,11
1,0.46691,7.4005,-5.0613,8,5,13.483,25,0.055228,18,5
1,-0.20971,8.7345,-3.1431,6,12,8.2373,24,0.039003,23,8
1,0.62519,7.172,0.40919,3,12,14.011,41,0.0032518,12,6
1,0.18323,14.026,-4.841,9,11,1.4663,25,0.004581,19,8
1,-1.0298,7.0347,-5.5337,5,11,27.991,27,0.17465,26,9
1,0.94922,15.454,0.31745,8,15,2.2919,30,0.013859,16,8
1,0.30706,8.8767,-12.526,6,14,16.734,27,0.10678,22,8
1,0.13517,5.6448,-6.3698,7,5,18.393,26,0.082434,16,7
1,0.51525,8.144,2.2911,9,11,13.715,34,0.15552,20,9
1,0.26141,12.804,-6.4144,8,11,23.637,36,0.06133,11,9
1,-0.94149,13.168,-6.681,5,13,2.7209,29,0.027922,23,7
1,-0.16234,10.481,-8.6794,5,13,34.836,29,0.194,14,7
1,-0.14605,10.862,-2.6211,5,14,3.9984,37,0.055867,10,9
1,-0.53201,11.899,-11.33,11,12,3.5781,29,0.12767,12,7
1,1.6821,5.6229,-7.3982,5,12,35.974,36,0.063441,19,11
1,-0.87573,8.2549,-3.2991,6,12,2.9507,23,0.044851,16,7
1,-0.48382,4.5096,-5.0043,4,13,30.599,32,0.051977,21,8
1,-0.712,8.6527,-3.1282,4,11,45.596,33,0.1801,19,10
1,-1.1742,12.848,-4.6207,10,17,1.3464,23,0.046894,23,13
1,-0.19224,12.152,-2.9574,11,10,3.9377,27,0.017192,15,12
1,-0.27407,16.863,-8.8622,5,13,30.435,35,0.022136,21,7
1,1.5301,10.5,-4.3457,12,15,6.9414,36,0.04677,17,8
1,-0.24902,3.5305,-9.6997,6,12,12.747,31,0.076624,16,11
1,-1.0642,15.068,-2.6502,6,13,3.3099,24,0.087857,17,9
1,1.6035,13.847,-5.9317,7,10,2.4326,30,0.02087,9,7
1,1.2347,8.2521,-3.034,6,15,2.0654,20,0.018112,12,8
1,-0.22963,10.668,-6.6124,4,16,9.9433,25,0.060268,12,9
1,-1.5062,12.338,-4.0141,6,9,10.785,36,0.15387,11,7
1,-0.44463,11.154,-1.8378,8,12,6.1206,32,0.18834,13,6
1,-0.15594,12.089,-10.939,8,14,1.2053,28,0.08913,13,9
1,0.27607,9.6619,-10.602,7,11,3.3813,35,0.041997,19,8
1,-0.26116,9.8835,-10.497,7,13,1.785,29,0.019074,10,10
1,0.44342,10.264,-2.4542,5,10,23.499,37,0.00054201,13,7
1,0.39189,7.631,-3.7844,5,9,1.5085,31,0.002524,18,9
1,-1.2507,14.269,-7.1074,5,18,11.579,27,0.034843,18,6
1,-0.94796,10.019,-0.50286,6,9,5.7768,38,0.32185,21,14
1,-0.74111,12.059,-4.5866,6,8,27.808,25,0.091109,20,9
1,-0.50782,7.4352,-9.7605,8,6,2.1535,35,0.0025669,16,9
1,-0.32058,6.7743,-8.0574,8,11,1.2024,21,0.12385,23,7
1,0.012469,9.7271,-9.1557,10,9,24.107,27,0.10921,15,8
1,-3.0292,9.2417,-2.1353,2,8,24.304,23,0.0050811,14,12
1,-0.45701,13.584,-6.8034,10,11,4.1376,21,0.019351,27,4
1,1.2424,11.818,-8.5157,11,13,7.96,25,0.081587,14,6
1,-1.0667,11.622,-6.7313,6,12,26.709,43,0.030297,20,8
1,0.93373,5.6652,-7.5093,4,16,2.3599,29,0.073224,14,9
1,0.35032,7.0969,-2.4411,5,10,8.2383,35,0.040922,15,9
1,-0.029006,10.606,-3.568,6,5,2.8676,22,0.05871,13,10
1,0.18245,8.9564,-4.093,4,12,32.397,30,0.12873,20,8
1,-1.5651,13.87,-3.7527,6,6,19.412,23,0.058099,13,6
1,-0.084539,14.023,-4.8711,4,8,2.0761,30,0.1423,22,7
1,1.6039,8.2576,-7.8466,5,6,6.1047,26,0.015255,14,8
1,0.098348,12.625,-3.3752,9,12,4.4743,33,0.12685,16,11
1,0.041374,14.186,-7.4634,9,14,28.167,31,0.21536,24,8
1,-0.73417,10.963,-8.2157,3,11,1.0286,26,0.085245,10,11
1,-0.030814,14.87,-8.2223,5,17,3.0951,26,0.036006,14,9
1,0.23235,13.187,-2.3913,9,14,5.3499,30,0.042671,22,12
1,0.42639,10.642,-2.0568,3,9,31.761,18,0.07894,24,10
1,-0.37281,12.63,-10.276,6,9,2.5859,27,0.12172,13,9
1,-0.23645,10.583,-5.4443,2,14,0.058632,32,0.21588,17,7
1,2.0237,8.7553,-4.2442,9,14,23.591,31,0.029985,15,7
1,-2.2584,11.075,-6.8312,4,9,1.179,35,0.29255,12,7
1,2.2294,10.109,-2.7171,4,15,6.4834,32,0.020639,19,8
1,0.33756,8.9061,-4.2367,7,10,19.522,27,0.081707,12,7
1,1.0001,15.313,-5.4585,7,11,4.7941,25,0.10319,20,10
1,-1.6642,10.664,-6.6722,7,15,4.5809,32,0.072798,20,10
1,-0.59003,18.191,-2.9689,7,7,0.67284,36,0.17895,18,8
1,-0.27806,9.1115,-2.4521,9,12,41.134,39,0.067681,19,10
1,0.42272,11.693,-3.5921,5,12,28.099,29,0.047858,24,9
1,-1.6702,14.748,-5.7193,10,10,5.781,22,0.13013,20,10
1,0.47163,18.188,-2.237,7,14,3.2714,34,0.21535,12,8
1,-1.2128,10.911,-7.7206,7,15,39.456,23,0.11115,15,11
1,0.06619,7.6292,-4.5667,5,9,4.9354,32,0.042852,12,10
1,0.65236,12.41,-0.81077,7,7,11.118,29,0.11398,9,11
1,0.32706,6.0403,-5.5691,8,15,3.4388,20,0.075452,14,9
1,1.0826,9.1785,-7.5315,4,18,13.227,28,0.40488,11,10
1,1.0061,10.816,0.83031,4,14,21.012,32,0.33822,22,5
1,-0.65091,14.469,-5.7408,4,12,1.3092,28,0.028438,21,9
1,0.25706,14.311,-3.6751,3,12,29.198,30,0.41296,19,11
1,-0.94438,9.9173,-7.4108,3,8,7.209,26,0.029522,18,7
1,-1.3218,12.772,-4.1372,8,19,18.426,24,0.13037,14,9
1,0.92483,9.0362,-3.5989,10,12,4.2484,32,0.022903,14,7
1,4.9849e-05,11.983,-4.9863,13,6,6.1419,26,0.10593,15,6
1,-0.054919,15.746,-4.0217,4,17,10.235,26,0.013642,20,9
1,0.91113,10.47,-1.3862,10,8,3.1753,29,0.031666,18,6
1,0.59458,9.0984,-9.2123,6,17,14.113,26,0.13587,24,7
1,0.3502,8.4999,-4.3833,5,11,24.475,29,0.071815,26,9
1,1.2503,12.149,-10.974,6,14,6.1322,24,0.048008,27,10
1,0.92979,14.012,-4.9148,6,8,16.708,29,0.03065,12,11
1,0.23976,16.377,0.79155,5,14,53.779,22,0.10785,17,8
1,-0.69036,10.162,-2.1766,1,10,0.35539,26,0.03185,21,13
1,-0.65155,10.489,-5.0208,7,20,28.198,27,0.059332,12,11
1,1.1921,8.1019,-6.0147,7,7,19.178,21,0.32454,16,8
1,-1.6118,14.836,-3.4152,8,12,28.523,27,0.10167,17,8
1,-0.024462,9.7737,-1.8293,6,12,0.34926,32,0.2433,16,5
1,-1.9488,8.5803,-4.9558,4,20,24.339,33,0.19804,14,10
1,1.0205,16.553,-0.15572,6,18,4.7318,30,0.13755,10,9
1,0.86172,12.43,-7.4476,6,15,27.259,28,0.055273,13,12
1,0.0011621,12.149,-10.993,2,7,4.3062,33,0.17354,19,8
1,-0.070837,6.9833,-7.2446,4,10,1.2552,29,0.022124,16,10
1,-2.4863,11.302,-5.5979,11,15,3.9386,29,0.04637,19,8
1,0.58117,11.56,-6.1183,11,13,18.986,25,0.015512,14,6
1,-2.1924,6.7233,-7.5421,6,17,19.902,35,0.012087,16,8
1,-2.3193,9.3226,-0.98829,7,16,4.3332,30,0.081502,23,8
1,0.079934,8.7852,-9.849,7,15,3.1044,41,0.19284,16,7
1,-0.94848,11.584,-6.4755,5,11,11.691,28,0.071698,15,7
1,0.41149,6.9791,-7.9079,7,14,2.7462,40,0.20746,23,8
1,0.67698,13.267,-6.4223,1,15,36.292,31,0.1008,11,8
1,0.85773,15.355,-6.9985,11,13,22.118,31,0.083523,18,11
1,-0.69116,9.0887,-3.5649,4,11,16.775,33,0.064707,18,7
1,0.44938,9.9739,-8.1232,5,7,0.61512,31,0.043613,11,9
1,0.10063,11.52,-7.462,7,14,23.867,31,0.070202,17,10
1,0.82607,13.61,-4.6966,9,24,13.317,30,0.12425,11,6
1,0.53616,11.566,-1.7481,7,11,14.356,36,0.088248,16,8
1,0.89789,11.191,-10.564,3,10,2.5496,26,0.037367,10,6
1,-0.13194,8.5516,0.39926,10,9,24.259,28,0.089441,20,12
1,-0.1472,9.3055,-7.6351,7,9,8.2501,25,0.072107,18,10
1,1.0078,11.84,-3.0568,7,9,12.47,33,0.26524,21,7
1,-2.1237,15.049,-1.8513,4,9,0.79011,25,0.043373,19,7
1,-0.50459,11.705,-1.0307,3,6,0.64537,22,0.26804,19,8
1,-1.2706,6.3819,-6.5521,5,17,0.074015,29,0.029662,18,9
1,-0.38258,11.299,-4.9271,3,17,12.677,35,0.11969,16,7
1,0.64868,9.7236,-5.4871,10,14,12.543,27,0.13064,20,8
1,0.82573,9.2678,-6.817,2,9,5.2181,32,0.023735,14,9
1,-1.0149,9.3424,-4.1849,5,10,26.938,27,0.059076,18,11
1,-0.47107,7.3607,-3.9241,3,20,11.382,26,0.049359,14,10
1,0.13702,9.0376,-6.0569,2,16,26.894,37,0.094294,9,9
1,-0.29186,7.6468,-4.6029,4,7,8.7893,38,0.22216,12,6
1,0.30182,8.9051,3.0207,2,5,1.2886,40,0.17157,19,6
1,0.39993,10.352,-5.0227,9,9,4.629,33,0.0022081,19,8
1,-0.92996,10.523,-2.8691,6,10,8.1985,30,0.18758,24,8
1,-0.17683,9.353,-6.3876,6,9,6.2151,35,0.32775,13,7
1,-2.1321,9.5422,-6.5836,6,7,27.842,34,0.059914,20,8
1,1.1454,10.101,-6.0374,5,9,26.019,34,0.015719,16,7
1,-0.62909,11.375,-3.3063,2,15,11.401,31,0.13728,13,7
1,-1.2038,13.845,-7.4046,7,14,4.4333,31,0.1048,12,5
1,-0.25394,11.86,-10.559,8,11,4.442,24,0.040126,21,7
1,-1.4286,9.14,-4.8404,5,17,6.4383,31,0.084265,17,10
1,-0.020858,11.794,-6.3092,7,10,3.5752,29,0.067991,18,9
1,-0.56066,9.2634,-4.16,5,9,6.9818,39,0.0095463,9,10
1,2.1778,4.6578,-4.7462,6,9,12.18,34,0.20852,12,13
1,1.1385,2.9583,-2.8126,2,16,0.079295,31,0.17047,12,8
1,-2.4969,4.8592,-2.2977,8,7,6.5041,39,0.2025,18,5
1,0.44133,9.2886,-8.9769,5,13,0.98533,25,0.12414,17,12
1,-1.3981,8.1411,-9.5737,8,11,1.7159,37,0.14951,10,6
1,-0.25506,7.8395,-3.4927,9,16,31.56,24,0.15824,23,9
1,0.1644,10.122,-4.0808,1,11,16.418,26,0.030354,16,9
1,0.74773,8.0231,-7.8175,6,15,37.889,33,0.41165,16,12
1,-0.27305,8.1085,-1.2878,6,10,24.642,27,0.047586,15,9
1,1.5763,11.829,-4.901,6,4,3.7416,27,0.013758,22,8
1,-0.48094,12.347,-4.6293,4,11,11.914,29,0.14858,20,11
1,0.32751,17.31,-4.1782,4,14,4.646,34,0.099616,16,6
1,0.66473,10.907,-2.7375,7,12,31.627,36,0.081914,17,7
1,0.085189,10.175,-0.42651,4,11,5.3411,20,0.01885,17,8
1,0.88095,8.2776,-5.7859,5,18,12.307,36,0.011449,14,8
1,0.32321,9.4144,-10.192,5,16,10.832,32,0.036522,23,9
1,-0.78415,9.8484,-1.9596,3,9,2.9888,28,0.054297,14,8
1,-1.8054,4.7327,-7.7832,4,18,15.626,32,0.015483,18,10
1,1.8586,9.2279,-1.269,4,6,12.401,27,0.23556,17,11
1,-0.60453,12.249,-6.7685,6,5,1.6774,19,0.09633,18,7
1,0.10336,8.2877,-0.52555,6,18,1.3096,31,0.06749,11,9
1,0.56317,11.483,-7.4179,5,8,3.1409,35,0.013154,18,6
1,0.1136,12.974,-8.3378,6,9,15.243,43,0.12895,23,7
1,-0.90473,13.231,-2.1292,5,8,53.438,34,0.10154,19,8
1,-0.46771,12.331,-9.0892,9,14,23.405,27,0.060747,17,10
1,-0.12489,3.2205,-2.9582,5,6,17.702,32,0.12846,18,10
1,1.479,8.3069,-3.6865,10,9,9.694,33,0.091249,17,7
1,-0.86082,12.704,-5.4298,9,12,12.506,30,0.055612,20,8
1,0.78467,11.184,-6.0246,9,13,43.608,32,0.016886,19,7
1,0.30862,10.015,1.1734,6,19,0.066147,33,0.058561,16,10
1,-0.23386,11.311,-6.1236,8,11,28.817,26,0.19497,14,10
1,-1.057,13.39,-5.5706,5,7,2.4414,25,0.031701,11,6
1,-0.28414,10.461,-7.8162,8,17,0.80525,30,0.021549,24,8
1,-0.08669,7.7241,-7.4404,8,13,2.3516,23,0.43608,17,11
1,-1.4694,9.4595,-6.7509,3,11,23.518,23,0.12095,19,8
1,0.19218,9.3766,0.12858,3,12,21.716,31,0.037537,11,11
1,-0.82229,12.69,-6.1713,6,12,13.356,25,0.044015,14,11
1,-0.094241,11.237,-7.0702,6,8,5.1255,25,0.0058267,15,7
1,0.33621,11.643,-6.3447,5,11,0.94343,27,0.059485,19,8
1,-0.90465,10.444,-2.8569,6,16,24.268,24,0.32149,22,6
1,-0.28826,8.9132,-8.9472,3,11,0.88856,22,0.35477,13,7
1,0.35006,10.183,-3.1186,1,13,2.679,33,0.067247,14,11
1,-1.8359,10.65,-8.9939,7,7,22.941,28,0.23712,14,12
1,1.036,5.8056,-5.3925,6,14,7.1813,27,0.0091589,19,7
1,2.4245,10.537,-10.481,8,13,34.991,25,0.31057,21,8
1,0.9594,12.783,-3.3922,6,11,0.35722,28,0.17283,15,6
1,-0.31577,9.6695,-2.9214,4,17,18.923,24,0.0097536,18,11
1,0.42862,14.717,-7.0626,7,6,1.5504,27,0.071111,18,4
1,-1.036,11.681,-4.0473,8,13,5.5892,31,0.21687,21,7
1,1.8779,8.739,-4.5115,8,13,11.917,23,0.084657,11,8
1,0.9407,9.5382,-1.5227,3,15,11.422,27,0.31726,14,7
1,0.78735,9.1744,-4.6148,6,10,24.474,31,0.096002,15,6
1,-0.87587,10.723,-1.8816,3,17,47.963,25,0.0087165,17,7
1,0.31995,12.264,-5.3503,8,6,32.483,30,0.1475,14,10
1,-0.55829,9.1243,-6.9449,6,12,24.135,22,0.040567,18,6
1,-0.31143,11.375,-5.1139,5,9,0.31196,27,0.081069,12,9
1,-0.57001,15.266,-5.598,8,6,23.22,46,0.23212,17,9
1,-1.0257,12.794,-2.355,10,15,4.1304,31,0.1908,14,7
1,-0.90875,12.476,-5.1684,9,13,19.647,25,0.014225,16,8
1,-0.2099,7.5556,-7.5237,6,14,17.699,21,0.23376,19,5
1,-1.6989,8.3974,-5.4645,3,11,9.0682,36,0.015182,18,8
1,0.6076,10.728,-1.4342,9,9,74.541,26,0.0036201,15,4
1,-0.1178,9.6981,-6.2447,6,17,40.895,32,0.11649,19,11
1,0.69916,5.1249,-6.9759,4,9,6.9804,27,0.0048685,20,11
1,0.26965,5.4567,-2.048,4,12,1.6708,26,0.097477,18,11
1,0.49429,13.079,-4.6963,6,11,20.527,31,0.015719,10,6
1,-1.4831,7.7256,-6.0881,5,7,0.45774,21,0.19192,11,8
1,-1.0203,16.235,-7.2165,3,11,8.5252,30,0.090493,15,9
1,-0.447,3.334,-9.4395,4,7,5.4763,29,0.14456,18,13
1,0.10966,11.346,-4.5399,6,12,21.082,27,0.10165,17,8
1,1.1287,10.002,-5.9511,5,13,31.027,25,0.055636,19,10
1,-0.28996,7.7313,-4.0432,5,15,10.371,35,0.10463,17,5
1,1.2616,11.213,-9.3696,9,12,15.685,20,0.079314,12,10
1,0.47542,7.6184,-1.0345,4,11,7.9916,25,0.089226,17,8
1,1.1741,12.579,-3.5384,5,14,6.1909,26,0.20738,14,8
1,0.12695,10.201,-9.6999,10,8,15.903,23,0.07437,16,6
1,-0.65682,5.0818,-1.8288,2,15,14.409,32,0.064417,12,8
1,-1.4814,2.7258,-6.7627,3,10,128.9,34,0.0055732,11,9
1,0.15549,9.1485,-4.0933,8,13,31.801,30,0.0061552,17,9
1,0.81855,13.437,-4.3416,6,7,0.59452,34,0.01869,17,8
1,-0.29259,10.544,-7.6346,4,11,21.823,44,0.17754,14,11
1,-0.54079,10.163,-13.584,3,8,4.6957,26,0.025882,20,10
1,-0.30864,12.063,-3.3933,7,12,5.1601,29,0.23583,20,10
1,-1.0966,5.8198,-6.0261,4,11,12.421,32,0.22417,22,9
1,-0.49301,14.276,-6.7936,3,10,3.4051,31,0.11582,19,8
1,-0.18074,7.3184,-3.7433,9,15,17.603,36,0.20865,15,8
1,0.045841,10.113,-7.069,6,6,20.247,30,0.026997,14,10
1,-0.063783,8.9093,-2.9864,6,11,3.0973,24,0.037189,11,9
1,0.61134,10.449,-4.5473,3,9,1.9804,28,0.026095,21,9
1,0.10932,4.1664,-7.974,5,10,15.657,28,0.13352,15,6
1,1.814,14.572,-2.4895,4,7,2.508,41,0.12986,13,11
1,0.31202,11.637,-3.5765,7,13,8.9883,28,0.17789,18,7
1,1.8045,16.03,-1.2435,2,12,14.239,18,0.18699,17,9
1,-0.72312,14.25,-7.6779,6,16,24.964,32,0.077169,27,6
1,0.52655,10.034,-7.6858,8,19,17.374,29,0.057797,19,6
1,-0.26025,7.1829,-4.06,6,11,5.605,38,0.077763,20,10
1,0.60014,4.7833,-2.9989,6,7,33.03,33,0.027552,15,9
1,0.59393,10.051,-2.5157,10,10,2.7231,33,0.033955,19,8
1,-2.186,10.657,-4.9805,3,11,6.9598,20,0.15563,18,10
1,-1.327,13.137,-5.7077,8,9,3.754,32,0.077466,17,8
1,-1.441,7.1471,-3.0415,5,12,5.5884,22,0.023558,18,12
1,0.40184,12.384,0.8936,6,19,0.37503,35,0.19457,23,6
1,1.4702,10.214,-2.3462,5,15,0.29241,23,0.14214,16,6
1,-0.32681,7.6789,-4.7464,6,14,4.6148,36,0.17141,18,12
1,0.81232,12.322,-6.7235,12,12,27.391,32,0.069648,20,7
1,0.54554,10.797,-3.5007,6,10,2.6557,33,0.18077,18,9
1,-1.0516,9.2947,-6.4523,6,9,4.0362,22,0.17667,12,10
1,0.39747,15.632,-4.2847,9,13,0.91734,29,0.25426,17,8
1,-0.75189,11.828,-2.6653,4,15,30.256,25,0.078636,22,10
1,1.5163,9.6692,-2.2272,4,11,3.5089,28,0.045849,20,10
1,-0.032567,10.832,-3.2356,5,12,12.502,32,0.51251,14,10
1,1.636,10.261,-0.8662,4,11,9.2471,25,0.10909,17,6
1,-0.42506,10.521,0.55361,8,8,7.4981,36,0.13932,16,9
1,0.58943,11.361,-10.693,7,11,28.203,35,0.17391,16,9
1,-0.062791,8.1894,-10.336,5,8,31.192,38,0.18847,22,11
1,-2.022,7.6089,-7.7679,9,7,7.8266,26,0.10154,7,11
1,-0.98213,11.082,-10.994,9,14,30.6,25,0.013217,15,7
1,0.61251,15.655,-6.0713,5,15,24.872,25,0.0082041,19,8
1,-0.054886,9.0795,-6.0092,9,7,1.4336,23,0.079751,14,6
1,-1.1187,6.9618,-4.2487,8,9,17.443,33,0.11828,14,4
1,-0.62638,9.2844,-4.1415,2,17,2.0836,28,0.025139,10,10
1,0.24952,8.548,-7.0585,6,9,42.533,29,0.033563,14,11
1,-0.99302,9.018,-7.4399,4,15,8.1819,27,0.053277,23,11
1,0.97495,11.427,-2.6198,5,15,4.1632,27,0.10933,12,8
1,-0.64071,9.61,-6.1458,6,11,65.454,21,0.25982,21,9
1,1.8089,8.2169,-9.1136,7,12,3.1896,25,0.005432,17,7
1,-1.0799,8.6687,-4.9691,6,20,11.459,37,0.092345,22,10
1,0.19919,6.0324,-4.3876,10,14,21.604,25,0.019216,9,7
1,-1.521,7.4214,-6.2331,7,12,5.2279,32,0.038206,22,9
1,-0.72363,5.761,-3.0093,6,15,0.84285,29,0.44549,19,13
1,-0.59325,8.452,-4.3227,2,8,15.673,23,0.020647,11,5
1,0.40134,6.7447,-5.6385,8,9,1.2107,27,0.19152,14,9
1,0.94213,7.8785,-5.1321,6,9,12.936,26,0.26613,17,9
1,0.30049,9.095,-3.6255,6,13,8.1891,32,0.026454,21,7
1,-0.37307,6.3987,-6.3243,6,16,6.3196,28,0.1191,20,4
1,0.81549,9.9419,-8.1648,7,10,11.045,29,0.039697,15,12
1,0.79889,11.021,-5.4668,8,8,26.596,30,0.013709,11,10
1,0.12021,7.1103,-4.6126,3,11,5.5398,28,0.29826,18,13
1,0.57125,13.342,-3.4717,4,14,3.401,22,0.08858,14,7
1,0.4128,5.2417,-5.0904,3,12,8.3967,24,0.091037,20,9
1,-0.98696,8.8246,-6.3721,4,17,6.2586,35,0.0030447,17,6
1,0.75957,5.5459,-3.211,4,13,14.865,26,0.0351,14,13
1,-0.6572,8.9661,-5.3406,4,10,6.7822,21,0.073783,10,8
1,-0.60392,6.0283,-2.5789,7,9,1.7685,38,0.13096,25,4
1,0.17695,8.2755,-5.2694,5,5,1.1212,31,0.066941,20,8
1,-0.3075,7.7779,-5.0189,8,10,15.91,35,0.17036,14,7
1,-0.13182,6.445,-5.2756,6,18,6.889,33,0.15726,18,7
1,0.59536,3.8054,-7.7637,3,9,11.466,28,0.27608,19,8
1,1.0468,11.695,-7.7809,4,14,7.3436,31,0.057695,13,9
1,-0.19796,16,-7.8837,3,5,3.5262,21,0.054567,15,10
1,0.32768,16.67,0.35449,8,10,6.7188,23,0.047569,14,7
1,-0.2383,8.5235,-5.6006,12,9,11.597,34,0.027405,14,8
1,0.2296,9.862,-2.1788,8,14,1.1894,33,0.28865,15,12
1,0.44,8.6028,-3.9525,5,15,23.568,39,0.054475,28,5
1,-0.61687,10.228,0.57784,10,12,24.733,25,0.30604,17,9
1,0.27484,7.2437,-2.2188,4,15,6.5177,30,0.089052,12,7
1,0.6011,4.2416,-8.6809,6,11,2.5692,35,0.053935,15,8
1,0.092308,9.8907,-5.9817,6,15,12.489,26,0.10236,12,7
1,1.7298,6.3246,-2.3251,7,9,9.291,24,0.058937,18,5
1,-0.60856,4.2927,-4.1354,7,13,17.478,29,0.10656,16,13
1,-0.73706,17.123,1.7956,8,14,20.195,27,0.06713,15,8
1,-1.7499,9.3,-5.1437,3,14,7.0012,32,0.14367,16,9
1,0.91048,11.212,-9.6556,6,10,2.7543,26,0.016742,26,8
1,0.86708,13.577,-3.6678,5,8,10.879,23,0.033053,21,8
0,0.42011,1.261,-6.7355,8,6,7.5989,35,0.96745,18,11
0,1.3985,9.6526,-3.8517,14,8,4.3195,45,0.83925,22,6
0,0.6837,10.007,-0.76586,4,7,3.0168,38,0.93303,12,7
0,0.79079,8.3323,-3.0755,12,10,7.2494,25,0.98473,20,5
0,0.61294,8.6312,-3.1011,5,11,4.8689,30,0.46674,16,4
0,0.93995,5.8882,-4.5917,7,5,24.042,45,0.57261,16,9
0,0.60166,10.892,-4.4393,6,11,17.192,27,0.61573,25,7
0,3.2873,4.6002,-4.3092,7,7,7.9839,34,0.92998,16,7
0,-0.66667,4.8145,-12.397,13,10,5.107,42,0.32985,13,6
0,-1.3543,10.901,-2.8202,7,9,1.5589,30,0.95866,20,8
0,-0.64068,14.746,-1.0293,12,8,19.368,35,0.95629,18,8
0,-0.59334,6.4544,-7.8929,9,7,3.9066,20,0.92707,21,4
0,0.066391,5.9797,-8.5659,7,8,6.5619,35,0.92317,15,8
0,0.33153,9.6323,-2.137,9,7,0.75662,39,0.97236,17,7
0,0.28147,12.289,-8.5226,5,12,5.8032,31,0.60032,13,6
0,1.0413,11.872,-9.0382,9,15,0.6804,30,0.96471,15,4
0,0.88927,9.0806,-1.6331,4,4,1.4358,33,0.99831,17,8
0,1.2512,5.4624,-5.9628,7,4,10.894,38,0.96908,22,6
0,2.2783,10.519,-0.26529,6,10,8.9087,47,0.75338,19,4
0,1.7231,7.6831,-7.8768,6,13,16.404,37,0.91213,24,8
0,-0.78326,13.508,-5.8431,4,12,7.7786,38,0.87208,20,9
0,-1.829,2.3672,-3.2749,8,14,2.1086,37,0.55449,25,7
0,1.4019,8.5649,-2.352,12,11,19.915,31,0.96115,11,8
0,-1.3356,13.159,-2.5971,5,14,1.0188,37,0.54226,13,9
0,0.56676,6.0203,-3.4256,5,9,1.7322,42,0.88429,18,5
0,0.53548,5.5007,-4.6894,4,9,27.223,33,0.92201,14,10
0,2.7272,4.2655,-5.7377,14,13,0.68381,39,0.97254,20,3
0,0.43079,6.8851,-2.5586,12,10,0.47885,27,0.99767,18,8
0,-0.0073231,7.1979,-5.1605,10,10,0.60563,43,0.81174,20,8
0,0.73581,8.547,-2.7352,9,12,12.377,29,0.97565,21,6
0,0.7458,4.4666,-0.73688,8,6,17.698,31,0.8795,19,11
0,0.57005,8.3302,-10.748,8,10,11.727,42,0.81724,13,6
0,-0.10858,5.5845,1.4134,1,5,2.7139,17,0.96652,19,7
0,-0.72259,6.5251,-5.8962,11,7,1.5907,36,0.98632,19,9
0,0.8165,4.6473,-0.050625,10,10,0.46495,35,0.93063,19,5
0,-0.84287,6.8701,0.65478,7,7,15.78,29,0.58881,18,4
0,-0.53218,22.279,-8.4067,5,14,2.1729,36,0.98722,21,8
0,1.8312,21.63,-3.4692,7,10,3.0556,37,0.99503,14,14
0,0.081097,12.588,6.3988,6,14,11.62,29,0.97603,16,7
0,0.35968,11.149,-4.6439,5,15,8.0654,45,0.95612,28,4
0,1.3998,2.8875,-2.5412,6,4,0.39783,38,0.97075,12,8
0,0.19989,5.6616,-3.0073,8,7,27.438,32,0.89563,14,7
0,1.5294,5.5224,-0.19629,6,10,4.3807,37,0.99419,10,11
0,0.15493,10.141,-0.72846,7,11,10.197,31,0.87182,14,4
0,1.5128,9.9319,-6.8394,4,11,10.282,32,0.86782,15,9
0,1.1293,8.4339,-5.3155,7,7,0.13658,36,0.99802,18,4
0,0.28698,6.6389,-2.9703,7,6,7.2261,45,0.95377,22,7
0,-0.3657,4.2966,-4.1752,5,13,4.6111,33,0.9954,22,8
0,-0.54311,8.0213,3.6049,2,6,23.106,37,0.89373,21,5
0,0.22993,12.557,-2.6841,8,10,5.1416,32,0.99883,28,8
0,0.061859,9.7094,-2.6874,7,8,24.566,36,0.97409,18,3
0,0.091326,8.7241,-6.513,8,14,36.215,33,0.98618,28,10
0,1.4835,10.63,-7.9225,10,12,6.5026,33,0.99304,16,4
0,0.2023,10.337,-1.6176,8,9,19.725,46,0.68402,22,10
0,1.6437,1.5342,-4.5918,5,5,2.6078,36,0.99963,15,8
0,-0.03162,8.0751,-2.0525,7,9,21.956,41,0.92558,19,6
0,1.4726,6.2962,-6.4944,10,4,2.7005,28,0.92703,9,9
0,-0.02225,-0.13611,-1.3121,11,7,9.5688,37,0.73782,24,7
0,0.67658,2.6858,-9.4405,5,12,12.678,27,0.99025,19,7
0,1.4707,6.7205,0.70005,8,14,10.303,26,0.9654,27,8
0,0.086028,11.302,-1.4605,6,6,1.1554,48,0.75798,18,7
0,0.061729,7.0828,-3.6695,6,5,4.5059,36,0.9563,18,7
0,2.5034,9.049,-7.4833,4,14,2.3105,33,0.93519,20,4
0,1.451,4.4081,-5.1926,13,10,1.5871,36,0.83584,21,3
0,0.067996,-0.62921,-3.2371,9,7,1.1415,34,0.52225,17,6
0,1.1489,8.3757,-0.37663,5,7,0.66315,39,0.8104,14,7
0,0.13992,4.1953,-7.1006,4,10,4.7264,44,0.84836,9,8
0,1.2059,12.69,-0.11456,8,11,10.541,25,0.98272,22,6
0,1.9158,14.94,4.3044,8,8,0.70023,31,0.64041,16,9
0,-1.1045,6.5132,-5.486,15,10,16.571,45,0.68094,17,7
0,1.5289,12.771,-2.5937,5,11,2.9715,38,0.94914,15,8
0,1.958,11.815,-5.9719,6,14,1.1539,42,0.99997,21,9
0,0.54747,2.3398,-9.1509,7,15,7.8669,38,0.7441,17,5
0,2.2463,7.8666,0.41156,9,8,11.262,36,0.85086,23,5
0,0.65539,9.0445,-1.9176,2,10,16.587,42,0.82419,12,6
0,-0.73712,10.092,-5.5321,11,8,16.31,29,0.77434,12,5
0,-1.6935,10.707,-3.6598,8,14,15.23,33,0.98601,10,9
0,0.16659,10.698,-4.6894,8,10,7.2526,34,0.95933,14,5
0,1.2135,10.714,-8.3852,8,10,18.951,35,0.99987,12,7
0,0.81741,6.7497,-12.647,8,10,4.7081,32,0.89212,25,11
0,0.91361,9.517,-4.1424,10,9,20.712,31,0.53518,12,6
0,-0.077086,-1.0116,-5.3874,7,13,9.5861,45,0.77607,20,7
0,0.644,3.3266,-5.7299,3,14,2.9213,42,0.72727,15,5
0,-1.1387,12.808,-6.5379,6,9,14.605,36,0.98404,17,8
0,-0.26009,5.357,-9.4517,6,6,15.344,29,0.91032,16,7
0,-0.31879,9.3102,-5.5652,5,11,2.8709,42,0.95044,19,3
0,1.0197,14.033,-3.5157,6,13,7.2858,37,0.99376,16,8
0,0.48584,4.4444,-7.1854,6,9,0.60199,34,0.9904,19,7
0,-0.65553,4.1629,-2.6485,7,9,8.0708,39,0.83724,12,9
0,0.49048,6.0291,-4.8184,3,8,12.041,30,0.92774,22,5
0,-0.18981,9.7642,-4.3044,10,6,3.2438,43,0.97558,19,9
0,-0.1667,7.1809,-8.2873,8,10,5.3679,34,0.56235,23,9
0,1.3641,4.0888,-6.2932,4,13,5.2568,32,0.77495,14,8
0,0.61342,1.7082,-2.7696,5,13,5.4212,33,0.99998,33,4
0,0.89836,6.519,-6.3698,6,17,3.9311,35,0.99219,20,8
0,1.384,7.1154,-3.5151,4,12,5.3639,25,0.86281,18,8
0,0.68026,5.8591,1.9337,4,7,3.2664,30,0.98344,11,10
0,1.0509,6.9521,-1.6142,10,13,4.5839,36,0.61929,15,6
0,1.183,3.6183,-0.8879,12,9,0.42061,40,0.99193,20,7
0,1.6706,10.197,3.081,5,12,7.5,29,0.93495,23,5
0,0.97586,-0.69848,-0.47381,6,7,20.099,27,0.99129,25,9
0,1.9122,8.5785,-2.8068,7,12,9.6656,27,0.82981,17,8
0,0.52261,10.676,1.8537,5,7,9.7778,22,0.82744,12,6
0,0.45213,4.6047,-6.714,5,8,22.256,38,0.76074,19,8
0,2.2013,7.7716,-6.0465,3,6,13.109,35,0.79667,15,7
0,-0.0097117,9.1671,2.0549,7,6,4.3266,32,0.95709,16,5
0,0.49715,5.5415,-2.637,7,11,25.291,45,0.65179,17,8
0,1.4199,7.9454,-4.1263,6,13,1.0594,35,0.75739,15,7
0,0.64981,9.6485,-2.6255,8,13,1.4186,33,0.99963,13,8
0,1.9049,4.2514,-4.7924,4,12,23.846,28,0.79181,24,7
0,1.5341,11.341,-4.876,10,9,4.1234,34,0.86692,19,7
0,0.79157,12.378,-5.1604,6,11,8.7131,32,0.62556,20,7
0,-0.2777,9.2847,-5.662,8,16,1.8691,30,0.8882,21,9
0,1.0667,8.0605,-6.8312,5,10,18.1,27,0.99737,14,4
0,-0.88262,3.342,-4.1795,5,8,4.4203,51,0.77603,15,8
0,0.74447,9.9794,-5.7241,4,13,6.8293,28,0.9644,21,9
0,1.3084,3.1366,0.32557,7,17,7.854,40,0.9871,15,8
0,0.71304,14.363,-3.2934,2,9,13.137,42,0.94254,19,8
0,1.3797,10.106,-0.93587,9,15,0.60461,34,0.69954,13,9
0,2.5389,9.0593,-4.4195,7,9,28.441,32,0.5598,24,5
0,1.4239,6.4256,-4.2447,6,10,11.927,36,0.28162,23,8
0,0.76692,-0.70524,-0.22526,6,7,7.2523,38,0.99889,17,5
0,1.1417,3.2174,0.4056,6,7,0.011016,28,0.59683,14,3
0,0.92549,9.4613,-3.9012,5,10,20.075,33,0.71152,19,8
0,-0.81472,17.65,1.0774,5,14,19.41,41,0.93622,15,8
0,0.083589,10.961,-2.5728,6,17,20.249,28,0.98575,14,8
0,1.7247,9.239,-2.8944,6,12,14.109,37,0.9614,19,7
0,0.45642,5.8321,2.576,8,9,3.4508,35,0.56642,25,10
0,1.0824,8.4891,0.60706,11,7,4.4895,30,0.96852,21,9
0,-0.5065,11.849,-1.2782,6,16,20.141,29,0.96533,18,5
0,0.56452,6.9841,-2.7932,11,9,39.098,34,0.98865,14,8
0,1.1003,15.567,-5.6151,9,13,0.82837,37,0.97559,16,8
0,-0.86151,3.119,-4.3456,9,8,3.2459,27,0.82711,23,6
0,0.84759,6.4951,1.466,7,15,5.565,41,0.99495,13,5
0,0.31816,8.2097,-10.065,7,8,11.25,35,0.96394,15,9
0,-0.43953,0.18427,-5.9109,8,12,5.2013,34,0.61581,17,6
0,0.46247,10.262,-4.5664,5,8,9.9736,22,0.99629,12,5
0,-1.3963,8.3112,-3.5552,10,8,4.7628,40,0.60668,12,7
0,-1.628,8.3228,-9.3516,4,12,6.3588,41,0.99517,14,8
0,-0.67692,11.179,-2.4128,3,11,17.962,34,0.98067,22,9
0,-0.49053,12.175,-1.8108,5,11,27.442,33,0.75803,11,7
0,-0.67303,11.209,-6.8204,8,10,3.4965,35,0.96702,19,7
0,-1.2254,6.1247,-4.7779,6,9,7.1626,26,0.99272,19,9
0,0.78823,7.8136,-7.6406,6,10,7.2628,43,0.85694,17,8
0,-1.0942,9.4138,0.87365,2,9,40.317,39,0.89926,15,5
0,0.61022,2.9728,-2.8795,9,11,8.4304,42,0.90862,11,5
0,1.2871,3.8559,-4.7527,6,13,7.6632,29,0.93846,23,8
0,0.49777,6.2921,-6.7764,8,12,15.348,33,0.99661,17,6
0,0.59311,8.3107,-3.704,5,9,1.9359,33,0.95026,18,6
0,0.12184,15.164,1.0528,4,13,0.77357,39,0.74061,12,9
0,-0.98268,11.189,-3.1742,4,7,0.14738,23,0.99341,14,6
0,0.45618,6.23,-2.9401,12,9,4.6006,35,0.89415,18,8
0,1.4608,5.4836,-7.6011,7,6,15.475,37,0.98149,14,5
0,2.2382,14.135,-3.5016,6,11,7.8417,31,0.98563,12,5
0,0.069794,18.934,-1.6715,8,9,4.9938,32,0.84377,15,4
0,-1.1273,8.6698,-8.1443,5,8,31.495,40,0.93967,14,7
0,0.66635,6.0845,-0.61516,6,14,26.945,39,0.88092,22,9
0,0.87627,2.3494,3.3963,7,12,18.135,22,0.99358,16,7
0,0.27305,11.9,-8.6738,10,9,15.702,31,0.99534,14,7
0,-0.64891,9.1589,-10.2,10,11,2.8658,43,0.91047,11,8
0,2.5243,12.662,-4.2178,11,10,76.048,24,0.60215,15,7
0,-1.8595,4.3652,-1.7227,9,8,33.005,36,0.98456,19,4
0,-0.009972,8.9623,-4.245,6,5,2.2368,32,0.98178,13,5
0,-0.82163,5.3838,-4.4754,9,8,22.008,41,0.69148,14,6
0,-0.13613,13.1,-3.9805,7,7,12.532,39,0.92392,16,7
0,0.81785,5.7952,-7.1938,4,14,17.432,40,0.76236,22,8
0,0.63805,7.6504,-8.9317,8,7,19.007,33,0.94933,12,8
0,-0.21074,6.6087,0.74465,7,7,18.67,33,0.99049,20,6
0,1.277,11.976,-3.1222,7,16,0.47535,31,0.98024,12,8
0,1.1224,9.7137,-7.5628,10,12,6.3735,28,0.51021,18,4
0,1.1474,3.9833,-0.77219,10,9,2.8225,32,0.99138,16,3
0,0.074368,5.4692,-7.8921,8,11,1.843,30,0.99722,23,3
0,1.5486,3.8172,-4.3653,3,9,8.1267,38,0.88423,18,10
0,1.1607,10.023,-1.7777,7,14,40.846,43,0.97425,20,5
0,3.0088,9.3278,-6.5222,5,7,12.368,43,0.99815,14,11
0,1.5635,1.4583,-5.0484,5,10,17.178,33,0.95299,21,8
0,1.6569,0.37264,-3.9111,5,11,1.5744,37,0.9849,18,7
0,0.55298,7.8384,1.8571,13,12,10.951,30,0.93263,22,7
0,-0.78839,10.789,-2.6229,4,12,12.412,49,0.97618,23,7
0,0.12878,8.6752,-5.1979,9,11,6.6088,35,0.84352,19,9
0,-0.25779,1.8248,-4.6762,8,13,17.151,40,0.99858,9,7
0,-0.063969,1.7928,-4.8408,11,8,24.962,42,0.95464,19,8
0,1.0551,11.468,-0.079826,8,6,14.304,45,0.68056,19,8
0,-0.056778,7.4185,-4.8531,5,8,10.398,35,0.87052,13,8
0,-0.39511,6.455,-6.3751,10,10,3.8417,32,0.75792,22,9
0,0.090672,13.265,-3.2781,8,7,9.2952,29,0.89082,18,9
0,0.33911,4.8141,-4.2839,7,17,5.7318,36,0.70798,17,6
0,0.90933,8.5418,-1.6203,12,14,12.814,39,0.99999,15,3
0,-0.45264,9.6712,-1.1217,2,13,3.4964,25,0.947,12,9
0,0.81732,11.28,-0.73869,4,12,11.728,34,0.51754,14,6
0,0.57802,4.5826,-2.0585,2,9,0.29376,27,0.75769,13,9
0,1.8244,9.4293,-2.1023,5,17,9.7297,35,0.70431,15,5
0,0.28683,18.994,1.7098,9,11,8.083,29,0.99591,18,8
0,0.36552,1.9481,-7.4801,5,10,4.8736,29,0.70356,19,8
0,-0.67136,9.7359,-5.0419,6,10,2.8517,39,0.9998,11,5
0,-0.88526,7.0809,-9.0852,4,12,14.833,45,0.9951,15,4
0,0.81051,4.6917,-1.2418,7,11,18.719,33,0.92487,18,5
0,0.25051,4.6721,-3.9354,5,4,0.24423,41,0.98824,13,9
0,1.0037,9.9916,-4.898,5,10,2.4602,37,0.7656,14,8
0,-0.39266,17.263,-9.163,10,14,12.327,33,0.94151,15,8
0,2.4085,4.8247,-3.4497,5,16,12.095,33,0.997,16,8
0,0.62223,10.164,-4.7792,5,4,17.36,37,0.99454,22,10
0,1.547,5.7638,-8.0644,10,14,4.2267,44,0.77642,22,10
0,0.27308,15.906,-7.4723,5,15,17.893,41,0.97151,12,11
0,0.3375,10.179,-6.286,9,9,14.109,40,0.78336,22,10
0,1.1901,7.4484,-4.7509,12,11,4.9791,40,0.92095,19,10
0,1.0558,10.48,-8.9463,4,9,25.112,37,0.55383,10,9
0,-0.62026,7.9777,-4.546,7,4,27.689,38,0.57552,24,7
0,-1.0327,12.429,-2.1529,6,15,3.272,36,0.80631,11,5
0,-0.59787,7.2576,-5.13,11,16,12.032,26,0.61199,18,6
0,-0.91577,3.5143,-6.0941,9,8,5.3251,39,0.8096,16,5
0,0.55957,8.9858,-3.0876,5,9,8.1846,32,0.98827,13,6
0,0.088749,14.244,-0.69676,6,14,3.1731,37,0.99933,15,6
0,0.13199,3.2135,-5.3398,3,13,5.14,33,0.99726,24,5
0,-0.86096,7.0306,-5.4001,12,11,13.223,40,0.94603,25,7
0,1.2796,12.019,-8.3075,3,9,0.79843,28,0.66747,15,5
0,0.93941,0.3195,-6.9331,3,8,7.8501,36,0.66027,16,7
0,0.41038,10.502,-2.1823,5,3,24.214,35,0.90899,12,8
0,1.5212,11.012,-4.341,8,13,2.2311,45,0.99375,17,4
0,-0.37398,8.8539,-1.7063,9,9,1.0948,46,0.6102,7,9
0,0.9147,4.9191,-1.9903,5,11,5.0414,37,0.76304,19,5
0,0.84844,7.9715,-2.8726,4,13,11.864,39,0.97589,16,4
0,0.84925,8.3727,-1.7,10,6,6.6177,33,0.988,21,5
0,-0.22925,11.741,0.57042,8,9,27.512,33,0.75778,18,7
0,0.82684,10.654,-2.2695,11,19,11.589,15,0.99998,22,4
0,-0.014882,6.5991,-2.7221,4,14,0.85986,32,0.97011,22,9
0,-0.39645,14.48,-4.1288,2,12,1.8398,39,0.96645,21,3
0,-0.70327,7.7967,-7.7268,6,8,17.962,33,0.99934,21,7
0,1.5378,4.7492,-5.5149,9,14,2.3129,46,0.82387,20,9
0,-0.34594,6.2463,-3.0224,4,7,14.226,35,0.99443,16,5
0,0.32709,11.434,-7.3343,4,13,4.8867,34,0.71553,22,9
0,-0.70865,8.7809,-2.5954,11,11,6.4732,25,0.98678,23,5
0,0.20287,11.555,-3.0322,2,10,6.2591,24,0.21703,13,6
0,-2.732,8.2769,-3.6999,8,6,1.6888,32,0.99951,17,6
0,-0.58696,17.947,-3.0957,9,9,25.235,27,0.84516,17,8
0,-0.92644,1.3374,-3.9285,11,11,1.4586,31,0.41147,21,6
0,-0.51445,6.3363,-4.0662,6,10,3.4693,26,0.82498,16,8
0,0.28673,7.6631,-4.0263,6,14,8.957,26,0.94031,19,6
0,0.17465,8.357,-1.2116,8,14,17.324,48,0.95157,15,9
0,2.4444,13.825,-4.2713,5,6,20.48,30,0.86119,28,4
0,-0.071773,8.8778,-11.923,4,10,3.4735,37,0.97186,19,5
0,0.24997,7.5405,-5.4584,3,11,13.301,37,0.11436,23,10
0,-1.0693,8.2744,-3.4121,4,9,6.2808,40,0.86798,22,9
0,0.022617,11.006,-1.1208,4,6,6.4685,38,0.79921,17,10
0,-0.83798,5.2423,0.14097,7,13,3.7259,37,0.90716,16,10
0,0.5303,9.8033,-6.8244,6,8,0.14534,41,0.44428,14,5
0,1.3531,1.7399,-1.7174,7,11,7.9684,40,0.95411,31,8
0,0.90425,7.6848,-3.2862,5,11,3.2185,31,0.5595,15,5
0,-0.20062,4.2328,-4.6251,7,8,6.9199,34,0.8277,14,7
0,-1.1305,5.3886,-3.9258,9,10,0.098141,39,0.97458,16,6
0,1.96,9.1301,-4.0843,11,8,23.076,33,0.91373,22,6
0,2.55,3.4997,-3.5789,6,11,0.54564,31,0.99532,14,9
0,0.6205,4.0441,-3.2872,5,12,22.245,45,0.81447,17,6
0,-0.4899,1.9366,-6.0146,7,7,23.236,37,0.77423,22,8
0,1.6978,-0.91404,-7.135,3,8,0.99282,35,0.9962,15,7
0,-0.092656,7.3939,-1.1027,6,10,0.58287,30,0.99461,11,7
0,0.030191,12.651,-4.6593,3,19,4.4976,44,0.95206,23,8
0,1.3864,7.2723,0.24361,5,12,6.3639,32,0.09293,14,6
0,-0.88522,7.0642,-6.7726,7,11,20.35,37,0.97036,18,9
0,-1.4568,3.8131,-5.7824,9,12,3.9763,26,0.76359,17,6
0,0.92068,14.333,0.26383,6,15,9.7476,23,0.59202,13,7
0,0.90074,7.0023,0.22282,7,10,5.9134,33,0.8281,15,9
0,0.59514,13.176,-7.087,3,13,0.12692,33,0.30981,19,4
0,0.99668,9.4479,-3.3805,6,10,44.446,37,0.96062,22,9
0,1.5822,6.9478,0.023334,4,17,5.2264,29,0.93985,20,8
0,1.4704,12.329,-0.0018503,6,16,21.58,30,0.92761,17,6
0,-0.06857,11.93,-7.8547,7,11,2.4047,36,0.99781,26,8
0,1.31,7.5542,0.85513,7,10,27.579,37,0.63598,9,9
0,0.67325,13.184,-2.0151,5,11,12.2,44,0.33584,17,9
0,-0.0055426,15.125,-3.318,5,4,14.949,34,0.96774,19,7
0,-0.69331,7.7375,-4.6767,6,16,28.645,38,0.89235,24,9
0,1.147,6.9773,-6.898,3,10,14.307,40,0.96862,22,9
0,0.14638,9.6186,-3.7149,7,7,7.4079,37,0.99458,11,8
0,0.54643,9.407,-4.7702,7,8,10.127,35,0.75068,21,6
0,-0.29295,11.23,2.9304,8,13,59.292,36,0.99997,19,6
0,-1.0505,6.9776,-3.4298,6,10,22.541,31,0.89732,30,11
0,0.67159,10.86,-4.5202,8,7,0.93601,38,0.89576,19,7
0,0.43786,12.194,-4.0421,4,9,14.21,41,0.9933,23,7
0,1.699,8.7102,-5.8382,5,9,3.136,37,0.74765,27,8
0,1.3017,8.6132,2.2154,3,3,0.23908,41,0.95108,13,8
0,1.5533,2.9827,-2.0889,6,10,6.1189,36,0.98704,19,10
0,-0.24888,3.3088,-3.7753,3,5,8.0866,34,0.9837,19,6
0,-0.43633,2.1542,-0.6302,4,6,23.432,41,0.84335,20,8
0,-0.76909,3.0228,-4.0994,9,8,6.5668,34,0.7933,14,6
0,0.99798,7.3796,-4.2932,11,11,3.9257,22,0.96932,15,4
0,3.2891,1.5403,-5.6699,9,8,3.8074,37,0.80221,22,6
0,1.2276,16.984,-5.8465,4,14,15.609,34,0.98775,19,5
0,-0.27306,10.957,0.81366,9,12,7.8184,35,0.29494,18,8
0,1.3366,-0.27058,-1.6945,4,8,6.5098,27,0.87641,20,7
0,-0.62833,3.3818,-3.7392,7,10,9.0134,34,0.96741,21,7
0,-0.92447,7.5712,1.1131,9,14,4.4333,23,0.79449,18,6
0,1.2174,1.1485,-3.9291,7,7,0.74985,23,0.99723,21,9
0,-0.27791,6.1604,-3.1299,6,10,4.7008,33,0.75825,15,7
0,0.81599,12.364,-8.2597,6,9,19.674,43,0.94868,17,11
0,1.9065,7.3445,-2.5742,6,11,15.696,37,0.42577,15,6
0,0.90112,7.731,-8.342,5,7,10.49,37,0.91912,16,10
0,1.4297,3.9936,-6.9648,6,12,12.511,31,0.98057,16,6
0,-1.1058,5.7774,-1.1519,5,10,6.0351,33,0.57543,17,9
0,1.1615,2.5938,-2.9463,12,12,0.14169,34,0.89693,15,8
0,2.6385,9.4568,-6.6168,8,7,14.466,37,0.99457,20,7
0,1.0411,6.1912,-5.1944,3,5,6.0286,28,0.99996,21,5
0,-1.0409,11.133,-3.2307,6,7,13.536,35,0.99994,28,6
0,0.29686,12.949,-3.3399,10,13,0.93707,32,0.97999,18,6
0,3.4778e-05,12.309,-9.1343,7,12,23.85,36,0.34951,19,4
0,0.88302,7.8606,-7.6173,7,13,8.2036,37,0.34683,21,7
0,0.91204,5.9841,-9.3187,10,16,2.4663,23,0.93809,12,4
0,0.90549,3.1039,-4.2175,8,6,2.105,37,0.9151,11,11
0,0.13622,8.474,-9.1633,7,16,10.821,32,0.84517,17,6
0,-0.099272,11.838,-1.8944,6,8,13.556,31,0.89124,11,9
0,-0.089589,6.6363,-7.0164,10,16,10.802,43,0.56539,20,9
0,1.3535,7.3067,-7.3193,12,8,0.14695,31,0.63129,30,7
0,-1.353,10.465,1.3717,9,8,9.1995,35,0.99949,10,10
0,0.2927,11.456,2.4872,8,6,2.2444,36,0.88461,19,6
0,0.77038,2.3323,-6.4578,5,13,30.193,40,0.99974,12,6
0,-0.15277,8.7998,-4.1111,6,7,9.3412,28,0.73998,15,6
0,0.97723,8.7833,1.889,14,12,43.062,30,0.96429,11,7
0,0.42868,7.3955,-5.6208,6,7,10.599,38,0.78103,19,7
0,-0.4383,11.571,1.1525,6,12,9.7015,42,0.81222,23,4
0,0.66136,6.5432,-1.5406,8,8,6.3816,47,0.93799,17,8
0,0.23182,4.6952,-3.8334,6,11,1.3635,39,0.88338,16,8
0,0.090127,9.104,-5.0594,5,13,7.9245,27,0.90791,22,6
0,-0.21132,9.8392,1.0794,2,6,2.9602,33,0.44595,16,3
0,0.56145,7.13,-1.8668,7,7,4.3915,34,0.99721,16,4
0,-1.3461,11.184,-5.8983,9,12,2.3358,42,0.85831,15,6
0,0.10167,1.9279,-2.8218,12,11,0.084164,24,0.41517,10,6
0,-0.043548,3.7003,-6.6339,7,4,2.0548,23,0.96032,15,6
0,-0.4119,-4.2887,-3.5532,7,10,17.307,32,0.98734,11,9
0,1.1527,10.086,0.59563,4,12,1.4662,31,0.90698,20,7
0,-0.23427,4.0359,-2.4045,9,10,22.229,32,0.73122,9,4
0,1.0406,6.9875,-6.279,7,5,10.441,34,0.85424,22,6
0,1.4758,12.037,-2.956,11,9,21.984,27,0.87444,8,7
0,0.34313,8.204,-6.0934,7,8,0.31785,35,0.72334,28,8
0,0.7778,6.2383,2.0579,11,10,28.219,37,0.97815,18,9
0,1.1395,4.6061,-9.3811,7,7,2.8367,35,0.90069,22,5
0,0.41902,7.0385,-5.9785,6,11,2.8386,45,0.96558,20,9
0,1.0409,10.412,-1.6856,4,6,12.704,30,0.91979,26,4
0,-0.76256,1.935,-6.461,5,14,9.838,24,0.99462,18,6
0,1.6104,7.7266,-3.9463,5,6,6.5247,36,0.86368,18,12
0,-0.48956,11.13,-2.0364,5,9,9.1572,35,0.5333,11,10
0,-1.3288,2.3171,-0.2269,7,11,23.515,49,0.9759,12,9
0,1.8845,10.677,-6.7812,7,8,2.9509,32,0.93465,18,9
0,0.43727,10.733,-4.5096,6,10,4.5402,36,0.61352,14,5
0,0.94892,4.4715,-5.415,6,5,1.6655,32,0.99806,15,4
0,0.13674,1.982,-4.3427,5,9,0.74559,30,0.86998,14,5
0,-0.52058,9.7326,-2.8915,4,9,8.3092,34,0.78043,20,8
0,-2.573,11.233,-5.8558,6,11,2.1309,46,0.9681,18,7
0,1.1263,10.316,-1.5997,9,8,26.569,24,0.89346,19,4
0,0.21332,11.051,-2.7199,7,7,13.257,41,0.88642,14,5
0,0.30266,3.2715,-5.417,10,14,27.893,28,0.84068,21,6
0,0.90561,10.335,-3.1721,9,10,11.574,43,0.95501,18,7
0,-0.91935,5.68,-1.0473,3,10,2.3284,31,0.97838,22,4
0,-0.22945,5.7545,-1.0207,8,8,3.9196,35,0.88677,18,8
0,1.6473,1.7764,-1.9954,10,9,0.27279,34,0.68868,21,5
0,1.0979,12.401,-4.195,6,15,0.84971,29,0.92861,24,6
0,-0.78128,8.7002,-5.8603,7,12,26.017,25,0.85887,15,10
0,-1.7033,12.014,-3.3277,10,10,22.012,34,0.91399,11,6
0,-0.071246,14.044,-5.3984,8,10,31.297,45,0.89882,12,7
0,0.714,3.451,-4.9963,10,11,5.3769,41,0.74104,19,9
0,1.4424,10.572,-1.2256,5,13,2.0463,31,0.89725,18,9
0,0.59373,7.949,0.34108,3,14,5.7226,37,0.88083,17,10
0,-0.62231,11.657,-2.2125,6,10,11.251,38,0.90619,18,7
0,0.80616,12.431,2.1598,4,8,0.30973,32,0.85671,20,7
0,-0.67233,11.282,-8.5878,6,7,14.69,28,0.56527,23,8
0,-0.46097,4.7296,-3.9319,6,7,0.30476,32,0.91359,23,9
0,-0.15374,7.4941,-3.7141,6,11,6.5639,41,0.86258,26,9
0,-0.72939,9.0566,0.84358,12,10,8.8983,40,0.98953,18,6
0,0.22903,20.634,-2.4962,8,8,1.178,47,0.96623,13,6
0,-0.39995,12.906,-4.9715,3,8,7.5727,34,0.82581,29,7
0,0.21431,17.283,-2.3374,8,9,0.93017,36,0.90423,21,5
0,0.037578,9.658,-2.0727,5,11,0.76624,19,0.99867,14,6
0,0.090215,8.8473,-3.4521,10,15,23.796,34,0.99998,19,7
0,-0.003539,10.453,-10.082,5,10,3.3449,37,0.9609,15,10
0,1.7333,5.8889,-0.93076,4,14,4.5403,34,0.63184,11,4
0,1.1103,12.966,-14.475,9,9,2.935,45,0.78154,22,11
0,0.55907,7.3695,-3.6715,3,10,22.389,33,0.96959,17,4
0,-0.96695,2.5056,-8.654,9,13,0.22824,29,0.65149,12,11
0,-1.1258,11.483,-5.0653,8,15,4.3763,44,0.90981,12,8
0,-1.4648,1.7259,0.19567,10,7,1.4434,25,0.97355,18,8
0,3.1052,0.62299,-5.5404,9,14,32.083,31,0.99913,16,9
0,1.4724,9.1536,1.7515,5,8,7.8161,33,0.98558,21,10
0,0.75698,4.1964,-1.6648,8,11,7.8925,43,0.99974,17,9
0,-0.47424,4.3571,-4.7394,7,12,5.9578,37,0.75008,19,9
0,-0.64636,7.3522,-6.7106,4,21,1.0178,30,0.75799,16,6
0,1.0476,6.0444,-5.4877,5,8,3.111,39,0.73659,14,8
0,2.0651,7.1089,-2.8765,9,8,1.3324,37,0.85378,19,7
0,-1.1933,9.0883,-11.112,7,6,19.199,36,0.95085,17,4
0,0.050603,3.3259,-2.1548,5,16,28.648,42,0.99146,18,4
0,0.41571,3.1031,-3.1616,9,12,14.432,27,0.50775,13,7
0,-1.492,-0.39791,-1.5434,1,14,17.026,27,0.76021,12,6
0,1.3412,6.439,2.1425,8,10,12.24,39,0.98034,14,6
0,0.085341,10.657,-4.9712,6,9,4.557,34,0.67864,25,8
0,2.4122,5.1909,-6.9416,6,11,8.0699,26,0.86074,27,5
0,0.1091,10.005,-0.4611,6,8,17.083,30,1,13,4
0,0.90918,10.161,-1.3163,8,8,2.0346,36,0.63348,18,11
0,-0.64243,11.963,-4.4288,5,8,16.61,45,0.99576,19,5
0,-0.12486,11.958,-5.7804,10,9,3.5633,33,0.94928,16,11
0,-0.66872,5.2446,-3.2532,7,4,4.5455,25,0.98128,21,9
0,0.89258,4.5726,-7.3893,4,11,16.36,38,0.6464,16,7
0,1.8018,8.1936,-3.8017,1,11,3.2849,48,0.72182,17,4
0,-0.093642,5.3406,-5.9138,4,13,1.2545,36,0.9911,20,5
0,0.93638,13.811,-6.4579,3,12,3.5899,32,0.99818,21,7
0,-0.0043625,13.519,-1.0961,5,16,9.7799,40,0.31622,18,4
0,0.60211,8.3805,-3.909,10,8,3.6817,35,0.89891,12,5
0,1.6963,6.2915,0.05329,9,7,0.66212,46,0.99263,18,7
0,0.62028,10.043,-7.2591,7,9,0.7345,41,0.96316,11,7
0,-0.53684,5.3749,-3.2792,10,9,6.2483,41,0.99844,19,6
0,-0.3571,7.4999,-7.1385,8,15,36.77,33,0.95624,14,5
0,0.33013,5.8781,-2.1438,8,9,30.907,35,0.99947,14,5
0,0.30833,8.4223,-0.084897,5,11,18.356,35,0.43706,21,10
0,-0.36582,12.513,-0.92953,2,4,10.756,37,0.50609,17,7
0,0.68066,10.97,-10.346,5,4,6.2089,32,0.97856,14,7
0,1.7665,12.574,-1.9548,6,10,4.4212,30,0.74661,22,9
0,0.24883,4.3411,-3.9739,7,9,1.0982,30,0.73266,33,5
0,0.29543,8.7192,-2.9972,10,9,2.7411,33,0.93732,17,9
0,-1.7015,4.0666,-5.6422,4,10,1.3301,24,0.76368,16,12
0,-0.27451,9.5393,-8.953,11,10,4.6703,37,0.99907,12,9
0,-0.89327,9.3028,-1.3216,13,6,22.759,43,0.96599,15,6
0,0.11377,13.185,-5.5212,8,7,70.772,46,0.91417,18,5
0,1.0256,12.397,-4.9894,3,11,19.239,34,0.99926,17,5
0,2.0233,10.613,-3.4949,12,16,5.0152,36,0.52081,19,7
0,2.2985,5.9797,3.6102,8,11,2.2093,33,0.78898,24,8
0,0.38312,6.096,2.8809,8,11,8.8057,30,0.84606,15,7
0,0.1798,-0.20625,-7.956,6,6,2.3325,29,0.85539,13,10
0,1.3175,6.2068,-5.4224,7,12,39.058,27,0.93942,10,7
0,0.99016,1.7952,-1.0379,11,7,36.867,37,0.98056,18,2
0,1.2653,11.719,-10.219,6,11,10.543,36,0.99969,10,7
0,1.2783,11.608,-0.26792,9,12,12.999,35,0.91627,17,7
0,-0.98031,8.5531,-4.9457,9,9,12.543,33,0.88115,19,9
0,1.0404,6.4864,0.19788,5,7,16.141,41,0.9434,19,9
0,0.40846,8.5723,-6.6396,16,9,1.3305,40,0.97202,19,6
0,-0.26025,14.42,-6.7674,3,11,7.9079,31,0.21001,20,6
0,-0.1936,13.396,2.9432,3,15,35.115,47,0.772,14,8
0,1.7815,6.2062,-2.236,3,12,3.7376,39,0.59834,16,8
0,-0.30974,8.6736,-4.9293,11,15,4.8473,24,0.88859,17,9
0,-0.73682,3.518,-7.0989,5,13,0.51723,43,0.98915,17,10
0,0.71469,9.6029,-0.68995,8,16,4.5406,27,0.95672,13,8
0,2.5108,10.956,-2.9737,9,5,13.94,40,0.87098,18,6
0,0.52555,11.6,-10.792,7,20,2.7482,30,0.68586,13,8
0,0.8083,1.8751,-6.7099,7,7,28.651,34,0.98506,20,7
0,-0.43825,10.018,4.9101,2,6,13.629,42,0.99768,22,10
0,2.1742,4.5431,-4.0353,11,9,12.151,32,0.95668,15,8
0,0.62499,6.4938,-9.9986,8,10,17.511,39,0.84277,19,6
0,1.0301,11.152,-6.664,10,8,5.8748,36,0.67911,13,10
0,-0.45207,9.1928,-5.2597,7,11,6.3581,24,0.79712,21,6
0,1.354,7.345,-1.9163,7,8,58.689,34,0.94879,23,7
0,0.88915,10.427,-4.4883,7,8,4.0671,34,0.65932,17,9
0,-0.656,14.538,-3.6953,7,9,13.358,35,0.95463,16,6
0,0.53974,5.506,-4.0536,9,16,7.6346,30,0.87886,29,7
0,0.049401,2.5996,-6.881,6,7,9.9881,34,0.9408,21,8
0,0.60925,3.351,-0.48158,11,14,5.1457,27,0.94845,13,7
0,0.24945,4.2229,-5.0958,3,3,4.6937,30,0.8809,22,6
0,0.3101,5.3152,-5.3902,3,15,30.167,40,0.86272,17,6
0,-0.53291,10.307,-3.415,4,13,5.1236,39,0.18678,21,1
0,0.17671,-0.34308,-4.2008,7,9,7.8617,31,0.69448,16,9
0,1.2665,8.9439,-5.5646,4,5,49.007,30,0.56197,15,10
0,2.2447,4.8863,-3.6187,4,6,56.811,41,0.99496,18,8
0,-0.66052,12.398,2.3391,7,10,7.9131,37,0.99042,19,12
0,2.8774,4.5777,-2.3762,7,10,2.4506,33,0.88966,20,6
0,2.0261,8.0302,-5.9653,8,11,3.8239,39,0.99482,19,12
0,0.66851,4.2497,-6.6086,9,12,15.977,30,0.98045,18,5
0,0.19879,5.2738,-4.7167,7,17,9.9378,28,0.95804,10,10
0,-0.19865,6.9594,-8.728,0,8,3.858,39,0.90061,7,10
0,1.3328,7.0848,1.4773,12,13,13.422,37,0.99639,16,4
0,-0.19461,5.9007,-3.3872,6,9,1.3812,29,0.92862,16,6
0,0.038117,12.513,-7.4902,2,10,30.317,41,0.94012,20,10
0,1.3836,10.201,-3.6382,8,10,5.1932,35,0.84886,23,8
0,0.93594,15.421,-8.3306,8,9,5.6806,22,0.86054,22,10
0,1.3967,6.8908,-2.253,7,14,2.5867,34,0.98846,27,6
0,1.0047,12.267,-4.5444,8,6,5.628,30,0.9083,23,10
0,0.099103,-0.39696,-3.874,9,9,1.8222,26,0.67614,22,9
0,-0.013848,10.554,-2.9145,9,8,20.26,33,0.62475,19,7
0,1.2964,9.4859,-1.4389,10,10,0.53467,35,0.39433,21,5
0,-0.17119,6.5033,-6.4293,5,10,4.5053,41,0.91522,16,7
0,1.6867,10.781,-8.4012,9,4,1.4425,29,0.99987,14,7
0,1.2907,11.511,-4.3117,8,16,23.548,33,0.77728,25,8
0,0.78772,12.134,-6.4687,7,7,3.0547,23,0.96204,21,8
0,0.50323,9.6792,-2.7251,9,10,7.7687,31,0.87743,17,7
0,0.86562,10.404,-9.5641,6,11,16.219,35,0.90492,18,8
0,4.0267,5.3039,-1.4243,6,14,7.4069,37,0.89078,16,7
0,0.38756,3.6193,-3.0808,5,13,21.217,38,0.94491,16,7
0,-1.0566,6.9295,-7.3347,6,8,27.235,27,0.99521,20,6
0,2.4151,8.7462,-4.9517,9,10,7.5964,38,0.54904,17,9
0,1.1098,11.804,-1.4864,8,5,0.334,27,0.93271,23,7
0,-0.14791,4.8379,3.2794,5,7,22.256,45,0.99965,23,5
0,3.1173,6.0421,-5.0533,4,10,0.35602,32,0.87981,18,6
0,1.051,19.898,0.14589,10,12,2.4661,31,0.80475,21,8
0,0.7942,5.5097,-6.582,7,10,0.23903,37,0.88273,22,6
0,-0.27784,15.681,-3.3793,10,10,0.96211,49,0.76954,28,9
0,-0.56493,11.845,-4.6225,10,12,7.0019,31,0.95352,22,11
0,-1.2684,5.7688,-2.9792,12,8,0.31615,35,0.84776,17,9
0,0.07708,7.5738,-5.4943,6,8,14.637,35,0.9506,13,8
0,-0.5531,7.1394,-8.2642,9,8,7.443,35,0.9895,23,8
0,1.1478,9.894,-4.8123,7,9,7.9273,36,0.99324,19,8
0,0.18237,13.463,-2.681,10,14,7.6971,42,0.95999,14,10
0,2.269,1.4488,-5.5184,7,4,12.451,43,0.45636,15,8
0,2.0106,16.095,-4.553,9,9,4.008,36,0.90837,12,11
0,0.66401,11.111,-2.794,5,13,14.129,26,0.98798,17,7
0,0.21724,5.8044,-2.3823,4,14,8.4416,20,0.3875,20,8
0,1.6522,7.496,-6.2008,11,10,4.0727,29,0.92655,20,5
0,-0.64651,9.1983,-4.8051,9,8,17.64,51,0.99902,13,4
