1,-1.5005,14.435,-8.914,5,18,9.2995,20,0.097033,16,7
1,0.96681,16.822,-3.3884,5,8,7.5911,26,0.068233,16,6
1,0.64789,14.429,-3.4799,6,20,8.8672,34,0.18929,13,5
1,-0.88714,8.7657,-5.9399,12,10,7.4623,36,0.10538,11,10
1,1.7745,4.6681,-3.3932,5,14,4.7818,27,0.14699,15,7
1,0.94564,10.426,-9.0531,7,11,24.11,27,0.065769,17,9
1,-0.1551,10.992,-4.2721,2,18,10.18,36,0.014525,14,10
1,-1.2148,12.826,-8.7444,3,15,16.159,29,0.11586,25,8
1,-1.51,12.254,-1.8244,10,14,5.7283,31,0.24451,14,10
1,-1.7465,8.3263,-8.6863,8,13,66.421,43,0.0073975,20,5
1,0.17941,5.3446,-1.335,7,14,12.351,32,0.068444,12,10
1,1.3037,6.3984,-5.0635,9,11,22.222,27,0.38285,24,10
1,-1.3982,9.8495,-4.3449,5,11,0.45779,34,0.096545,9,11
1,-0.76257,12.447,-4.0636,6,7,5.7479,34,0.022812,16,7
1,-1.0548,13.816,-0.24533,8,15,10.472,27,0.025302,21,8
1,0.62725,11.114,-7.5145,5,9,4.7179,25,0.05323,14,8
1,1.1195,10.011,-9.3328,7,10,23.562,36,0.027747,24,10
1,-0.41756,15.284,-6.7225,7,18,1.4289,34,0.07758,12,9
1,-1.3631,9.5138,-2.2635,4,10,3.0731,25,0.022816,15,7
1,1.1361,9.1768,-8.3226,6,9,12.246,24,0.068452,18,8
1,0.87069,13.814,-5.6169,8,12,1.1987,34,0.1539,8,9
1,-0.48371,17.193,-2.3964,7,7,1.6531,25,0.10959,12,9
1,-1.6533,8.0616,-7.591,7,10,4.7546,23,0.083975,14,5
1,0.31084,14.866,-8.3466,8,8,4.7521,31,0.027994,7,8
1,-2.1072,10.641,-3.4999,6,11,24.824,33,0.16191,29,7
1,-0.21369,5.7767,-5.5528,5,14,1.2422,33,0.46879,16,8
1,-0.21265,9.0476,-9.8086,3,15,3.8668,30,0.13348,15,7
1,0.8103,10.035,-2.1738,11,14,11.896,34,0.16291,20,9
1,0.53889,15.51,-8.4491,8,11,7.2674,30,0.1545,9,7
1,0.089847,11.575,-5.0485,4,14,3.4004,31,0.044811,11,8
1,1.2869,11.523,-8.7091,4,16,24.912,30,0.071771,17,10
1,0.75834,7.6889,-4.206,7,8,11.701,30,0.28085,16,7
1,-2.2296,3.7141,-5.8833,5,17,2.6299,29,0.21531,7,8
1,0.24398,13.496,-6.0435,3,11,0.1981,35,0.079249,16,10
1,0.39402,10.092,-2.6808,5,18,7.7845,33,0.11855,22,6
1,-0.70077,17.52,-5.5451,5,13,23.621,34,0.095955,19,6
1,-0.4966,6.8474,-8.1204,3,11,4.9941,25,0.084448,13,11
1,-0.77416,18.57,-8.4821,7,10,35.396,31,0.06218,21,6
1,2.3461,10.729,-6.4018,6,10,13.747,36,0.063888,11,9
1,-0.90251,9.3883,-5.4588,10,9,3.2998,23,0.027597,14,6
1,-0.98545,10.259,-7.6853,8,17,18.893,27,0.12597,11,8
1,1.462,15.446,-4.5095,4,14,20.464,34,0.046877,15,13
1,-0.74855,8.5058,-5.3878,3,8,16.589,41,0.061779,18,7
1,-0.026458,11.662,-1.425,3,6,7.2811,41,0.069558,20,9
1,0.033221,11.909,-10.834,7,6,13.716,32,0.14939,13,8
1,-0.47843,15.135,-6.7727,5,15,5.6529,25,0.076764,14,10
1,-0.023102,6.5875,-8.0752,7,9,17.962,31,0.061827,15,7
1,-2.3303,4.3014,-2.4246,9,19,35.893,30,0.046631,19,10
1,0.22882,7.6414,-10.945,12,17,0.51135,24,0.11862,21,7
1,0.42722,11.357,-7.0266,4,8,22.964,34,0.058478,16,6
1,0.064179,14.586,-2.9134,6,9,6.5679,23,0.18341,16,8
1,0.92076,8.6187,-7.1823,6,16,6.3882,36,0.15469,21,8
1,-0.061864,11.807,-9.4049,6,14,38.071,25,0.07788,10,13
1,0.86801,14.382,-3.762,8,11,5.3223,31,0.25948,20,7
1,0.74999,7.9196,-6.1776,5,13,3.4207,27,0.07201,15,11
1,0.68203,10.708,-9.8643,5,10,31.373,35,0.17076,16,10
1,0.58987,15.167,-2.9515,6,11,40.115,26,0.19651,9,10
1,0.15581,13.356,-5.4165,5,9,3.8763,35,0.19112,24,8
1,-0.49325,10.114,-8.4284,6,9,12.603,29,0.018902,12,11
1,-1.3317,17.38,-5.2609,4,16,12.001,39,0.030117,13,5
1,-0.28277,6.9417,-5.6398,12,9,3.5546,26,0.15227,16,11
1,-0.74777,12.115,-2.8308,6,9,27.869,28,0.024649,14,11
1,0.78367,19.061,-3.6796,7,12,18.662,22,0.062332,17,12
1,0.81929,17.102,-0.70899,6,13,30.5,33,0.077031,14,10
1,0.19725,10.244,-6.5927,5,11,1.45,29,0.04542,22,9
1,-0.1549,5.9715,-8.0528,5,9,1.5799,28,0.085874,21,5
1,1.8497,10.32,-1.1657,2,13,23.104,21,0.010965,16,11
1,0.73038,5.3664,-6.0915,7,10,0.52727,28,0.26538,15,6
1,0.43428,2.2033,-1.0739,6,4,10.772,24,0.030451,23,12
1,-0.91584,4.049,0.37442,6,9,11.403,38,0.16387,11,11
1,0.51785,6.7829,1.3264,7,11,15.027,39,0.1569,18,10
1,-1.3075,13.974,-3.1167,4,11,9.4771,25,0.029664,20,7
1,0.020479,9.451,-2.3265,10,9,8.0265,29,0.07254,25,10
1,-0.15747,9.4301,-4.4623,7,14,7.5314,27,0.020126,16,7
1,-1.0242,10.325,-9.1033,4,11,4.0509,32,0.20571,14,6
1,-1.0114,11.025,-6.7281,4,19,12.174,30,0.10479,22,5
1,0.16645,15.126,1.6274,8,15,28.091,33,0.13028,17,7
1,-0.14416,5.9075,-6.2111,5,9,17.036,21,0.31569,24,7
1,-1.4256,9.5428,-1.9838,9,9,68.503,25,0.012935,19,5
1,-1.3365,9.1241,-5.5146,5,10,6.4305,31,0.041847,23,8
1,0.65715,7.3315,-5.1558,5,13,25.067,30,0.36891,23,10
1,-1.0749,9.4336,-7.3636,4,9,16.996,23,0.099847,10,7
1,-2.235,7.4877,-3.8307,11,9,21.186,39,0.15069,23,6
1,1.8209,6.0545,-5.7799,6,9,3.2657,28,0.0089292,10,11
1,-0.36829,10.489,-4.6348,6,9,25.6,31,0.084031,15,13
1,0.76897,12.566,-2.6477,5,14,15.429,18,0.25851,21,6
1,-0.18146,14.872,-0.8803,8,13,2.2049,24,0.12961,19,5
1,-1.1679,9.1143,-3.5934,6,14,3.2031,26,0.13458,16,11
1,0.77534,11.024,-5.1419,4,8,58.09,22,0.10196,17,7
1,0.54513,3.3895,-4.595,5,7,6.8688,43,0.1031,11,10
1,0.22772,15.348,-9.1583,6,14,14.698,44,0.15533,24,12
1,-1.313,10.756,0.99541,5,14,1.2883,27,0.32871,15,10
1,0.89961,12.516,-6.3496,9,13,3.674,21,0.23302,17,12
1,0.070416,11.875,-2.0793,4,12,2.7298,24,0.0047979,9,8
1,-1.1551,8.8202,-4.0771,4,15,14.436,31,0.11446,17,7
1,-0.031236,7.914,-1.191,4,9,5.3058,27,0.12175,21,10
1,-0.84499,10.898,-5.0877,6,11,26.822,25,0.073889,16,5
1,-0.5522,10.537,-5.8395,7,22,23.747,23,0.10207,9,12
1,0.082646,9.6764,-4.6496,5,12,4.2709,33,0.053082,15,8
1,-0.02688,8.7313,-10.107,5,10,5.8899,31,0.22176,19,9
1,0.52065,17.051,-6.3917,2,14,29.478,35,0.044349,17,8
1,-1.2445,14.189,-3.1441,8,13,28.012,39,0.048262,10,7
1,1.5172,5.2732,-9.2802,9,7,5.6166,37,0.096344,18,9
1,-2.008,6.7516,-3.583,9,12,9.6122,26,0.021855,23,9
1,0.50279,8.3272,-3.3236,3,13,16.224,33,0.11055,20,10
1,0.42522,11.136,-8.5892,6,6,0.57187,28,0.037925,21,7
1,-0.12676,7.1442,-4.5062,13,12,27.814,41,0.0055302,16,8
1,0.78401,13.321,-5.7379,3,11,8.6696,28,0.067171,17,9
1,1.1205,8.894,-1.5175,5,10,38.881,24,0.18136,14,10
1,-0.94889,10.075,-1.6931,3,9,3.3306,34,0.022622,13,9
1,-0.96887,4.3921,-3.514,5,11,7.0663,35,0.12567,18,9
1,0.84992,7.4913,-9.7647,10,14,15.848,33,0.057635,16,7
1,1.3379,10.898,-4.5639,4,14,12.674,31,0.042838,17,10
1,-0.04209,10.879,-4.7831,6,12,17.464,27,0.11751,29,4
1,1.3649,10.031,-6.4271,5,9,26.353,30,0.18887,19,7
1,0.062572,1.3001,-8.6051,8,14,2.5689,38,0.25451,17,9
1,-0.31211,10.677,-1.2098,6,8,0.57013,37,0.12393,7,9
1,-1.3801,13.379,0.34992,4,13,3.5383,34,0.14197,17,5
1,0.26538,10.667,-4.7847,4,12,10.952,25,0.24442,22,10
1,0.98454,11.731,-8.477,4,17,8.2144,27,0.027622,21,10
1,-0.61819,9.6901,-6.894,9,9,16.051,23,0.14845,16,8
1,-1.6562,10.301,-9.4703,4,14,7.0458,27,0.30876,15,6
1,-1.0317,13.695,-2.0401,5,8,9.9905,27,0.084749,21,9
1,0.82223,9.089,-5.688,7,10,4.0606,23,0.045046,21,6
1,0.0041775,11.304,-5.3975,6,11,2.5089,30,0.18382,13,6
1,0.68823,9.7134,-11.027,11,12,6.8682,25,0.086227,15,8
1,-1.0699,8.2821,-4.3629,7,13,18.529,37,0.20523,17,10
1,-0.22062,6.3195,-1.3329,9,11,14.747,35,0.01693,19,10
1,0.12424,3.428,-2.3767,7,12,23.812,30,0.056603,17,10
1,0.27769,10.601,-11.011,4,8,2.116,32,0.033157,19,10
1,1.8516,7.3034,0.97492,2,10,9.2516,25,0.028002,15,11
1,-0.90521,11.16,-1.6992,4,12,4.3809,31,0.019561,17,12
1,1.4046,10.043,-4.3902,10,13,9.0883,26,0.026252,18,12
1,-0.55009,12.708,-3.5278,6,17,11.071,23,0.017882,22,5
1,1.4612,10.237,-3.2707,8,13,18.949,30,0.097669,15,9
1,-0.29957,9.3595,-3.5535,5,11,3.6355,28,0.11918,17,9
1,0.46364,8.1384,-3.617,6,11,2.6462,43,0.087254,18,7
1,-0.59625,7.7499,-5.5446,4,15,10.39,22,0.025806,23,8
1,1.1485,12.234,-4.9116,4,7,12.312,29,0.20167,17,8
1,0.22055,8.688,-2.8677,8,13,12.189,35,0.015633,19,12
1,0.1401,16.548,-4.0854,6,14,14.309,36,0.27713,23,5
1,0.67183,14.215,-3.8183,8,10,39.459,32,0.037541,20,6
1,1.3174,14.737,-3.3462,8,9,20.304,29,0.042382,10,9
1,-0.12329,11.302,-0.60896,10,21,11.207,32,0.025388,20,8
1,-0.90356,12.106,-1.8259,7,13,16.055,30,0.036506,19,9
1,-1.4231,10.836,0.26573,6,8,18.98,30,0.050693,17,7
1,0.43091,13.115,-8.9088,2,17,12.119,30,0.056134,16,12
1,-1.1025,9.0933,-3.0048,1,11,2.1406,32,0.21317,14,8
1,0.36377,15.607,-6.222,5,12,5.8931,21,0.054904,21,8
1,0.79758,9.7707,-4.4909,3,10,11.828,25,0.046214,20,12
1,-0.7822,10.766,-6.1312,5,14,8.009,36,0.063694,28,8
1,-0.02848,7.3948,0.90621,10,14,10.944,41,0.059425,20,9
1,-1.641,5.212,-4.8848,6,13,17.264,35,0.33172,20,6
1,0.50554,7.9517,-6.3155,10,11,6.8117,20,0.15439,20,8
1,-0.17337,8.6873,-3.8396,6,9,5.8783,18,0.0014506,11,7
1,0.60712,11.946,-8.7149,4,10,2.806,32,0.001513,19,9
1,0.74651,9.0544,-5.8497,6,12,3.3354,37,0.078573,7,8
1,-1.5153,10.023,-5.403,7,12,10.724,32,0.10271,24,8
1,0.94025,11.061,-4.2133,9,12,7.7959,30,0.49742,20,9
1,-0.49672,12.74,-4.8493,7,16,3.2287,30,0.024334,16,5
1,-0.50385,10.673,-1.1211,4,8,3.9716,31,0.10234,22,6
1,-0.18751,10.305,-3.9919,5,11,5.7848,31,0.14042,23,11
1,0.17038,12.044,-6.293,8,14,20.069,28,0.099423,11,8
1,0.71279,12.364,-8.7021,1,10,3.5569,19,0.36917,21,8
1,0.96248,9.703,-3.0094,2,9,48.977,37,0.00098001,14,8
1,2.0084,11.989,-4.8207,6,15,1.0227,34,0.034368,23,7
1,-0.60824,2.2787,-3.184,7,12,13.846,33,0.023851,23,11
1,1.2229,10.329,-2.7444,6,18,13.284,33,0.21256,13,6
1,-1.2874,7.4955,-2.3909,9,9,1.8869,26,0.020856,18,6
1,-1.5831,5.9162,-2.9008,5,6,25.287,35,0.1832,21,9
1,-0.38434,10.909,-7.5989,9,15,31.798,37,0.062399,23,9
1,1.6169,13.449,-8.9972,11,12,1.308,35,0.13198,16,6
1,0.70315,10.583,-5.8969,3,12,0.29523,32,0.23174,14,9
1,1.5652,8.3993,-3.9964,3,9,30.938,35,0.1028,15,7
1,-0.78702,11.801,-6.3779,6,18,8.0044,23,0.12054,21,10
1,0.5023,11.333,-7.3812,6,10,28.74,27,0.17821,20,7
1,-1.0008,9.0659,-5.1658,3,16,11.163,34,0.14488,20,7
1,-0.58602,11.65,-3.2435,4,10,2.8442,35,0.019873,13,11
1,0.72576,9.2461,-6.6537,7,12,28.416,30,0.016388,19,5
1,-1.5699,3.4498,-4.2871,6,21,40.233,28,0.078053,15,10
1,-2.0039,10.257,-6.4211,3,13,24.341,30,0.047807,16,9
1,-0.10649,7.3845,-2.7725,7,13,6.5737,23,0.36694,25,4
1,-0.80731,10.878,1.1576,7,8,3.1037,34,0.0099255,26,7
1,0.23032,7.4367,0.67722,7,10,27.732,32,0.16214,19,10
1,0.41544,6.3311,-6.2258,9,16,3.0922,28,0.031933,19,11
1,0.5014,6.5723,-9.2603,8,14,4.0666,24,0.003061,19,6
1,-0.093384,8.5695,-7.7764,9,12,0.26641,34,0.12431,16,9
1,0.83435,9.9644,-4.0935,6,12,6.036,29,0.037199,11,7
1,1.2618,13.624,-5.9925,8,21,14.437,33,0.082696,13,6
1,-0.45233,10.515,-4.0474,5,10,1.6402,28,0.049037,14,7
1,-0.45805,8.9255,-8.7583,5,11,28.634,27,0.10025,22,6
1,-1.1716,13.189,-7.1286,6,12,13.607,35,0.42854,26,10
1,0.3493,10.735,-4.0913,7,8,5.6005,23,0.05205,17,9
1,1.1214,9.4137,-4.2619,4,15,3.1814,32,0.21735,16,9
1,0.23008,10.855,-7.1983,3,8,20.07,17,0.099325,14,7
1,-1.1247,10.783,-3.2436,7,15,0.99213,26,0.20805,20,6
1,-0.91137,11.579,-7.7962,9,12,3.5922,39,0.03709,18,10
1,1.1158,6.8009,-4.3055,7,12,16.771,28,0.00040841,22,8
1,0.47535,7.4708,-3.7329,6,16,15.96,40,0.057549,16,7
1,0.19203,11.825,-0.20648,9,8,9.3785,26,0.091398,20,7
1,0.36982,8.1972,-4.505,5,14,5.8735,23,0.054509,25,8
1,0.068059,14.503,-5.5422,6,19,0.59359,27,0.060516,19,6
1,0.23002,11.975,-8.2969,5,8,4.3298,27,0.3223,20,11
1,-1.0713,5.821,-3.4522,5,11,22.358,19,0.066403,16,9
1,-0.87923,3.7834,-6.0529,6,14,68.96,32,0.25406,20,7
1,-0.31713,11.685,-7.42,6,14,2.1523,28,0.10392,25,8
1,-0.079762,9.7069,-1.5314,3,15,8.5936,29,0.050389,9,6
1,1.3652,7.7597,-1.4327,5,12,2.5437,24,0.065124,28,7
1,-1.9894,12.221,-2.4242,9,11,2.9093,32,0.1005,16,10
1,-0.17391,11.436,-2.175,6,14,15.191,28,0.057832,12,5
1,0.33343,9.6698,-6.1789,3,20,12.009,28,0.031445,14,8
1,0.45783,12.115,-2.3139,4,10,2.9154,36,0.19734,17,2
1,-0.2534,11.034,-10.161,6,12,3.6875,31,0.0047012,15,9
1,-0.61084,9.6732,-8.2883,2,10,1.2916,36,0.22345,27,8
1,1.7565,13.336,-7.0345,4,7,7.5996,29,0.0059689,15,6
1,0.57191,9.118,-1.3246,15,9,0.88129,18,0.10528,13,6
1,0.9258,14.705,-2.8747,3,15,8.6706,33,0.14605,18,10
1,1.418,9.2248,-5.7406,7,18,6.2399,30,0.33632,23,8
1,-0.00076243,8.9656,-3.636,7,16,7.4193,43,0.17257,12,9
1,-1.2381,5.6635,-9.2027,6,11,20.396,23,0.028657,17,6
1,-1.4205,6.6116,-0.62136,4,15,1.9971,35,0.20501,23,10
1,-0.29393,14.527,3.2049,8,16,24.756,28,0.0026995,24,7
1,0.10648,10.735,-3.0521,9,13,16.02,46,0.15857,16,5
1,0.55285,9.6635,-3.0087,5,14,4.9587,33,0.0068689,21,6
1,-0.068348,16.83,-3.865,4,9,18.484,36,0.031184,11,8
1,-0.41443,11.87,-5.3189,5,14,3.1297,34,0.07842,13,11
1,0.41785,7.624,-6.4768,7,9,15.514,32,0.016307,13,8
1,-1.1699,11.314,-5.2122,6,16,10.397,21,0.026177,22,9
1,0.72568,7.4285,-4.3945,2,11,0.86218,30,0.019754,12,11
1,-0.28991,9.5013,-5.2016,3,8,9.2797,40,0.026418,24,10
1,1.8257,8.3392,-1.6745,8,14,46.99,32,0.024965,19,7
1,0.85968,8.1571,-0.3734,6,14,13.591,37,0.16315,14,9
1,-0.27263,7.2889,-0.13993,6,12,21.17,33,0.1287,19,9
1,0.0061031,12.516,-5.0976,8,14,2.751,33,0.032341,17,8
1,0.80557,8.9963,-4.7753,4,12,1.0546,33,0.021902,22,8
1,-0.68071,9.1609,-5.3095,7,13,0.0053748,26,0.24254,22,11
1,-0.45393,8.0824,-6.0918,6,12,15.829,31,0.15667,14,11
1,-0.23925,7.9435,-7.456,10,14,6.6266,34,0.22936,9,8
1,2.2037,10.118,-4.7847,4,6,7.5085,37,0.011698,11,9
1,0.32694,6.8803,-2.7445,8,7,32.826,25,0.30799,23,10
1,-0.37616,9.029,-6.9502,2,16,9.9084,27,0.13943,17,10
1,-0.59173,10.53,0.75513,10,11,9.6211,27,0.0036692,16,9
1,-1.8921,1.9376,-2.0681,8,6,3.3219,28,0.16074,19,11
1,0.83914,7.1557,-7.7539,7,12,0.76453,35,0.018965,18,8
1,0.19965,5.5219,-4.1982,10,15,4.3196,33,0.34661,17,8
1,-1.8161,8.9607,-3.359,3,12,13.577,23,0.09239,22,7
1,0.30362,14.788,-6.1847,4,11,24.301,28,0.016446,17,9
1,-2.3754,10.394,-5.2486,4,11,11.724,31,0.12057,15,10
1,-0.42934,10.145,-2.2164,10,14,29.619,20,0.042214,15,9
1,-1.1776,10.636,-0.92785,6,15,3.8504,20,0.0089639,14,8
1,0.59949,7.3022,-4.1897,5,14,9.9549,21,0.15907,14,7
1,-0.36427,11.236,-6.3381,6,10,23.663,30,0.010337,17,8
1,-1.5443,10.938,-4.5389,6,14,47.454,23,0.018837,17,10
1,-0.68449,11.65,-0.87797,5,13,11.377,28,0.056081,15,8
1,-0.69491,7.3107,-2.127,5,15,2.0589,31,0.23076,21,7
1,-1.7487,13.202,-3.9591,7,16,6.5107,35,0.064079,25,9
1,-0.18471,6.8028,-5.991,4,7,22.984,26,0.0080638,10,9
1,-0.3401,12.558,-1.6498,4,13,3.9355,26,0.15856,24,11
1,2.1661,10.1,-2.0903,3,17,15.614,34,0.0046221,25,9
1,-0.97351,10.637,-1.1469,7,12,3.6197,42,0.023284,18,5
1,0.24708,11.228,-3.4815,9,10,13.718,29,0.054689,13,8
1,0.42532,12.07,-1.394,7,7,1.8677,26,0.078565,17,8
1,-0.86578,9.867,-4.3,8,8,9.9052,25,0.0085496,19,4
1,-2.0048,11.887,-5.513,7,14,5.4026,28,0.10508,21,10
1,-1.4855,7.1986,-7.3164,3,15,18.079,35,0.089224,12,10
1,-1.3306,12.355,-1.5585,6,10,13.417,22,0.28224,15,3
1,0.28893,9.2428,-6.5114,5,9,6.6099,26,0.083171,21,10
1,-0.6368,10.978,-1.9251,1,11,3.9151,28,0.054753,19,8
1,-0.48342,8.0678,-5.3855,3,11,4.0609,23,0.11392,10,10
1,-0.11441,13.394,-5.2818,4,13,8.2152,22,0.19403,20,10
1,-0.010098,13.397,-6.9692,7,15,11.013,37,0.092507,22,11
1,1.9536,8.5148,-5.1227,6,11,10.093,32,0.074666,16,9
1,1.9602,7.449,-1.597,4,12,4.8782,26,0.17249,17,11
1,-1.5161,12.269,-7.1506,11,12,3.1822,27,0.0015875,16,8
1,0.31122,11.663,-6.3456,4,10,10.661,31,0.15406,21,6
1,2.0049,10.047,-1.1081,3,19,42.501,34,0.15049,13,8
1,0.83205,16.761,-3.0067,3,15,27.07,28,0.03629,24,9
1,-0.19511,5.1264,-10.299,10,15,23.014,42,0.098662,15,9
1,-1.4525,2.7484,1.0695,7,13,2.0847,34,0.24463,26,5
1,1.2869,13.183,-8.3898,5,14,24.559,34,0.30801,16,5
1,-1.3852,8.6737,-6.4779,5,19,16.236,27,0.04658,15,9
1,0.69436,11.066,-6.4511,5,12,39.104,31,0.10535,17,8
1,-0.12483,7.4016,-8.0828,6,9,104.54,28,0.0026932,19,9
1,-2.2909,7.6466,-4.6379,4,7,9.4719,25,0.055239,17,10
1,-1.4994,13.312,-0.22738,6,8,2.7683,24,0.0018965,16,10
1,-1.4497,13.806,-4.7362,6,13,1.6279,28,0.047838,8,11
1,-0.079045,12.245,-1.903,6,14,28.218,24,0.0033502,24,7
1,-0.25388,12.928,-5.8374,4,10,12.598,27,0.043079,17,11
1,0.97074,9.2931,-9.5671,4,12,0.13172,33,0.098968,9,6
1,-0.25829,10.841,0.81382,5,11,5.7056,23,0.18228,14,7
1,-1.8993,8.0861,-3.325,14,12,11.194,20,0.00077099,23,8
1,0.53027,8.094,-7.1481,4,5,6.195,36,0.075685,14,9
1,-0.18057,9.7195,-3.8395,3,12,7.2027,24,0.01592,10,10
1,-0.094055,10.122,-2.1688,5,9,1.472,20,0.044216,22,9
1,2.0875,5.9925,-7.5916,7,13,1.7025,37,0.12398,18,8
1,-1.6011,9.6965,-5.9949,5,17,29.715,28,0.16154,16,7
1,-0.1453,12.516,-4.166,2,13,18.658,29,0.058609,12,11
1,-0.31287,10.034,-9.8783,11,13,23.657,38,0.028524,21,7
1,0.73574,10.819,0.48626,8,13,19.752,40,0.0085657,17,10
1,-0.77552,8.3543,-0.17155,3,9,0.72707,29,0.052446,17,10
1,0.64355,5.3826,0.63857,6,12,46.264,35,0.034031,11,10
1,0.36801,11.018,-3.0054,5,9,4.1661,28,0.0095849,23,10
1,0.95226,17.064,-3.9346,5,10,5.7866,31,0.13746,23,11
1,-0.76607,5.0987,-7.2422,4,15,5.9478,29,0.24973,22,7
1,-2.1719,7.3188,-6.6219,8,13,5.7974,18,0.0027164,14,9
1,0.72711,10.102,-6.8326,3,10,18.097,21,0.082469,9,11
1,1.9222,9.4691,-5.4842,5,13,19.831,35,0.088768,21,6
1,-1.0132,11.006,-0.67371,2,11,3.3137,28,0.034729,17,8
1,-0.79545,9.388,-0.017812,4,12,10.658,25,0.064101,15,12
1,-1.5534,8.9157,-5.8293,8,10,10.794,23,0.13045,19,6
1,-0.11298,8.459,-5.8883,8,6,3.9796,33,0.060665,12,5
1,0.74098,8.3425,-8.5788,3,15,1.1927,23,0.10245,15,13
1,-1.8143,8.6065,-5.6326,11,18,11.156,27,0.016628,16,13
1,0.22514,11.686,-8.2469,6,14,8.0088,33,0.079195,15,6
1,0.55833,12.111,-3.2078,3,7,28.292,36,0.25072,14,8
1,-2.0316,9.9481,-3.3064,7,13,1.5218,35,0.11472,15,6
1,-1.3313,9.0887,-7.1987,5,8,8.0135,37,0.099693,15,9
1,-0.74924,14.471,-3.8865,7,4,13.23,35,0.23491,18,9
1,-0.044345,8.606,-6.7332,6,14,10.401,32,0.13969,17,8
1,-0.60867,13.158,-8.4276,6,12,8.3914,27,0.016944,11,10
1,0.43527,8.5893,-11.523,6,11,12.813,33,0.13279,18,6
1,-0.064393,13.04,-3.7378,6,11,19.125,36,0.11227,18,7
1,-0.031655,6.4236,-8.2404,3,16,2.1283,25,0.28648,17,8
1,-0.63912,7.4214,-11.817,10,8,9.1288,33,0.0058873,21,10
1,0.18709,11.301,-9.9588,8,16,3.0105,38,0.087735,15,5
1,0.67986,11.303,-6.2323,5,17,9.4514,31,0.052098,15,7
1,-1.5567,6.9415,-4.1201,5,14,11.079,22,0.05291,19,7
1,0.83791,12.906,-4.6954,7,14,3.4919,26,0.14032,21,9
1,-0.083526,8.4499,-5.0187,5,3,36.994,34,0.22393,15,6
1,-0.87968,7.5574,-2.6307,6,18,3.9264,33,0.054005,19,8
1,1.3596,12.078,-2.3293,5,14,11.386,36,0.231,21,9
1,-1.0304,6.7807,-6.2758,9,7,5.0522,41,0.19547,11,7
1,0.45084,8.5774,-4.4278,8,6,4.4697,37,0.067091,11,9
1,1.0106,11.741,2.0697,7,13,1.0459,29,0.034612,14,8
1,-0.86837,10.492,0.75346,3,11,4.6764,27,0.36858,17,10
1,-1.2219,11.788,-2.0065,7,18,2.343,34,0.051388,12,7
1,2.4634,10.494,-1.7424,5,9,25.875,22,0.24838,25,6
1,-0.17187,9.0986,-1.9635,11,11,9.7471,23,0.39404,20,10
1,0.071037,7.3835,-10.455,3,18,16.305,32,0.069792,14,5
1,-1.028,9.197,-7.2185,7,12,5.2856,18,0.094415,16,11
1,0.80719,10.068,-2.9157,2,18,12.495,21,0.095744,24,6
1,0.20109,7.4842,-2.045,6,18,27.91,19,0.21322,15,10
1,0.99173,8.858,-8.7886,6,10,12.9,38,0.010459,13,8
1,-0.054324,9.3872,-4.8251,5,7,25.489,34,0.15103,20,8
1,-0.036067,14.038,-6.9154,8,12,8.5379,38,0.015154,16,9
1,0.15641,11.708,-1.7891,9,12,7.85,25,0.011125,20,5
1,1.0707,9.1392,-2.8068,6,15,0.39706,31,0.0032284,20,13
1,0.98231,10.534,-5.3894,6,13,28.279,30,0.28087,26,10
1,-0.80474,12.057,-0.64382,5,15,2.8152,37,0.12449,14,7
1,0.56699,10.358,-2.0042,6,16,1.6973,36,0.0037776,22,10
1,-0.057893,12.966,-3.6926,3,8,18.291,36,0.0037718,12,10
1,-0.10677,11.708,-4.8027,2,10,19.93,34,0.0053701,29,12
1,-0.72988,8.7182,-6.4068,8,10,16.567,21,0.1154,17,9
1,-0.34259,12.928,-6.2683,5,14,4.1683,27,0.16288,17,7
1,0.12336,10.123,-6.7438,7,15,11.299,32,0.084947,7,10
1,-0.077024,10.801,-4.8967,8,12,15.632,25,0.40735,10,10
1,-0.49962,11.723,-9.1275,6,11,0.072381,31,0.093377,19,6
1,1.0885,11.925,-8.2104,7,15,3.889,38,0.071396,12,6
1,0.61644,8.9902,-5.1224,7,8,17.535,25,0.033064,23,9
1,-0.36729,7.9463,-5.0196,9,14,9.6818,25,0.0076548,16,11
1,0.19402,8.1551,-8.8236,10,11,23.353,33,0.030144,15,6
1,1.1422,11.671,-8.1544,3,10,4.1699,33,0.061714,20,8
1,-0.14489,11.149,-6.5233,6,9,20.615,36,0.0020031,21,12
1,-0.061946,13.052,-5.7053,3,11,29.92,26,0.049566,10,10
1,-1.9302,6.7374,-2.3687,3,15,9.5129,33,0.0074598,24,7
1,-2.0983,9.4748,-0.80017,5,11,7.1292,29,0.045821,19,6
1,0.19448,5.2167,-4.1852,9,10,9.4528,35,0.065312,14,10
1,0.25092,6.7214,-9.8158,5,8,11.712,27,0.050816,18,8
1,0.79605,7.9233,0.78672,6,17,13.926,32,0.022848,17,7
1,0.081597,15.048,-6.0196,8,10,14.629,32,0.32235,17,9
1,-0.7009,8.6438,-4.8765,7,17,16.65,23,0.080012,25,8
1,0.31048,8.8877,-7.5247,6,17,35.189,33,0.15775,19,6
1,0.93988,10.243,-10.124,5,18,5.4201,31,0.19217,21,7
1,0.53253,15.37,-10.527,9,15,31.722,33,0.30068,19,7
1,-0.035366,12.019,0.13862,7,14,19.605,35,0.036652,17,11
1,-0.26444,9.1583,-9.393,8,8,20.569,23,0.06981,21,8
1,0.22302,13.65,-5.5938,8,10,24.452,25,0.028493,16,8
1,-0.010532,12.549,-2.5242,6,18,1.4444,40,0.0065003,16,9
1,0.07719,12.762,-4.7701,7,13,3.7647,33,0.050296,9,10
1,1.5943,6.8944,-2.8127,5,14,3.1829,35,0.15221,19,10
1,-0.46669,11.533,-5.4133,8,15,10.423,37,0.30812,18,9
1,0.37658,10.856,-6.9208,4,8,2.4507,26,0.18299,13,7
1,-0.36111,10.838,-8.0868,10,12,18.186,33,0.18144,16,6
1,0.58901,9.1541,-4.2475,4,14,33.082,38,0.21918,11,11
1,0.50689,10.442,-5.7031,4,14,7.0825,27,0.065806,13,11
1,1.4924,9.195,-8.0674,4,12,12.067,36,0.087747,24,8
1,-0.54746,7.4825,-5.5134,7,14,10.786,29,0.02406,21,10
1,-0.10039,9.6898,-12.27,3,9,5.2261,29,0.035166,21,10
1,-1.3071,11.45,-5.4193,6,8,2.4867,26,0.11638,14,8
1,-1.139,11.363,-8.0298,5,9,3.8186,32,0.10329,23,9
1,0.088528,7.0977,-6.0842,9,15,20.493,33,0.11456,17,11
1,1.0554,13.24,-1.1982,4,8,19.245,30,0.096927,20,9
1,-0.57905,8.7633,-13.043,9,8,8.8957,28,0.086543,12,6
1,-0.59813,9.2381,-6.5752,4,10,50.293,34,0.11241,17,5
1,1.3416,12.904,-4.0981,2,13,19.668,27,0.0042592,15,6
1,0.20319,3.6639,0.82726,7,12,13.754,24,0.0021429,19,7
1,0.40088,9.1509,-5.5635,10,8,2.1322,20,0.19167,17,6
1,1.0703,10.133,-8.9008,6,11,10.405,31,0.034443,19,10
1,-0.20041,13.236,-2.3193,4,13,2.2253,44,0.0049625,21,5
1,0.43959,12.039,-7.0886,4,12,45.863,32,0.25617,20,6
1,1.7735,12.59,-4.5484,8,15,8.8655,26,0.022706,16,9
1,1.3972,12.658,-1.7284,3,10,5.0138,25,0.12581,19,10
1,0.20478,9.4807,-5.2324,8,9,2.3376,20,0.062856,23,9
1,0.70871,8.3306,-4.9274,5,12,24.411,30,0.15121,24,10
1,0.98248,14.906,-4.6309,4,16,28.953,46,0.017478,16,9
1,-0.02188,14.587,-3.5208,3,12,4.1359,29,0.017779,17,9
1,-0.28283,12.891,-8.399,8,9,1.1689,30,0.2281,17,9
1,-0.17665,11.337,-7.5042,9,6,2.0031,25,0.016922,11,9
1,-0.2106,9.6992,-3.1008,7,20,5.6267,34,0.060551,19,13
1,0.55794,6.0337,-6.1209,4,9,4.0672,29,0.023609,12,7
1,-0.38981,8.0617,-2.3104,11,17,20.461,26,0.14008,22,6
1,-0.17434,16.268,-6.4004,6,11,18.207,33,0.070936,19,11
1,1.0145,8.9718,-2.5654,11,16,20.896,21,0.10805,15,11
1,-1.1248,7.9851,-4.886,8,9,1.244,26,0.17681,15,9
1,-0.93459,6.4815,-10.25,8,13,3.7838,30,0.042377,19,7
1,-3.0361,12.071,-7.1634,6,8,1.6373,37,0.13581,17,10
1,-0.59829,10.426,-3.5731,4,9,15.643,27,0.023676,14,6
1,-0.090148,9.4509,3.2063,7,13,9.6262,43,0.25613,18,10
1,-0.25679,9.6845,-8.3094,7,13,9.759,21,0.33753,20,6
1,-0.53118,12.094,-8.2327,6,10,14.75,34,0.16751,21,13
1,0.1515,8.6906,-3.6572,7,16,6.3228,24,0.0047266,13,7
1,1.4431,14.036,-0.0454,7,15,22.439,27,0.033866,14,12
1,0.74651,6.2473,-5.2544,4,10,14.475,26,0.091791,22,7
1,0.20737,11.68,-1.8436,7,7,46.66,24,0.13772,17,10
1,0.66986,9.1585,-0.42176,3,9,28.499,32,0.1544,20,9
1,-0.54503,8.2541,-5.1788,5,9,13.215,30,0.064786,10,9
1,0.61598,7.6218,-4.4631,11,17,23.953,24,0.058421,17,11
1,0.23236,12.451,-5.2752,5,9,18.792,28,0.067007,16,6
1,-1.5951,11.939,-5.9238,9,14,31.278,32,0.024787,20,12
1,1.2835,9.6411,-6.6194,6,17,2.6189,26,0.30635,19,11
1,-0.096665,8.6433,-4.834,7,9,26.254,34,0.046764,23,8
1,1.8715,5.5832,-3.1411,1,15,12.519,27,0.01125,27,8
1,-0.25342,12.988,-5.2051,7,13,35.843,27,0.10436,16,11
1,-0.51826,7.4141,-5.151,4,16,19.771,32,0.043875,14,10
1,0.031249,10.558,-6.8262,8,9,1.7775,34,0.022154,16,10
1,0.29383,10.291,-6.4719,4,14,7.9825,31,0.093365,21,10
1,2.1696,9.5297,0.32618,4,9,4.4475,32,0.039576,19,5
1,1.31,11.72,-2.4972,6,8,8.4498,20,0.070051,13,11
1,1.3277,8.1559,0.62197,7,9,18.527,30,0.0045117,16,10
1,-1.0317,11.856,-8.2598,4,9,4.9867,28,0.12299,19,11
1,-0.14215,11.79,-5.3301,4,10,18.138,27,0.36229,15,7
1,0.0036051,12.596,-4.561,6,10,2.5984,20,0.061223,16,5
1,1.6716,8.2971,-2.7057,6,15,23.395,27,0.061714,17,9
1,0.94634,8.6652,-4.6235,4,4,9.3358,29,0.10267,18,9
1,-0.32077,10.647,0.37858,7,21,20.851,30,0.047726,16,11
1,0.54982,10.641,-7.1154,4,14,17.339,37,0.01524,16,7
1,0.6726,9.6272,-6.4092,3,11,5.4992,27,0.41049,16,8
1,-0.84035,6.361,-5.4584,8,17,11.544,38,0.049421,22,7
1,1.2846,7.9726,1.2437,5,13,11.97,37,0.22781,16,11
1,-0.084058,0.88802,-6.2457,7,15,11.258,26,0.090922,20,11
1,2.1321,12.416,-5.5783,5,15,21.673,34,0.024219,19,9
1,-0.41036,10.208,-7.4321,4,6,1.2273,23,0.069478,19,8
1,0.43985,9.9066,0.82369,6,7,3.9045,28,0.14318,11,5
1,-1.5974,11.478,-0.64968,6,10,7.5674,29,0.0024224,17,10
1,0.31004,7.3473,-5.9436,6,14,13.437,31,0.030782,28,5
1,0.0096139,6.9897,-3.009,7,7,12.116,41,0.17475,17,6
1,-2.5021,14.303,-7.7978,5,11,1.1526,32,0.28224,14,10
1,0.31531,7.6753,-2.4282,6,9,8.4593,33,0.017493,18,9
1,1.1373,14.041,-2.2999,4,12,15.272,38,0.083792,20,13
1,-0.52501,12.67,-5.0556,8,18,1.1842,30,0.029026,25,11
1,2.193,7.5443,-2.3962,4,8,2.7931,21,0.064533,18,6
1,-2.443,10.104,-3.7896,4,11,17.03,39,0.061044,31,6
1,2.8775,12.563,-4.9292,6,7,7.9673,36,0.042871,19,12
1,0.40395,13.434,-12.131,3,17,13.516,26,0.036752,15,6
1,1.437,11.806,-7.9196,10,12,10.736,44,0.0070844,18,5
1,-0.8111,9.4283,-3.5249,3,17,37.153,37,0.037296,16,7
1,0.93534,14.072,-5.5488,7,10,8.7879,24,0.01506,18,7
1,1.5744,6.0504,-0.5573,7,13,31.196,27,0.11459,17,12
1,0.15016,10.005,-3.3948,1,17,8.3922,35,0.030861,12,10
1,-0.72866,13.421,-2.9495,4,11,46.746,20,0.069305,21,8
1,1.5803,8.3647,-3.1263,6,16,23.519,21,0.074365,8,8
1,-0.45681,10.707,-0.80258,8,8,1.1981,29,0.3417,19,11
1,0.069645,6.9346,-7.7963,4,9,0.27693,43,0.040474,19,8
1,-2.7536,16.453,-3.7159,11,7,15.579,27,0.22968,16,9
1,-0.097197,12.99,-0.17627,4,10,23.174,33,0.0055384,21,10
1,0.53749,9.3798,-3.2682,5,10,6.5396,20,0.11441,12,11
1,-0.78428,14.747,-5.0062,10,14,40.565,29,0.012694,18,10
1,-0.054031,8.4206,-2.3655,6,16,10.387,29,0.16221,15,8
1,1.3018,6.6693,-4.9247,2,10,39.975,22,0.075389,18,12
1,0.98573,14.273,-3.494,9,13,9.946,43,0.0028751,19,11
1,2.1909,15.565,-6.0104,7,15,60.843,49,0.096845,19,6
1,0.19777,5.4503,-6.339,6,10,38.87,31,0.64223,19,7
1,0.63095,11.463,-5.3559,9,7,0.64492,29,0.057274,15,7
1,1.6797,5.0955,-8.2367,6,13,13.987,29,0.024995,26,11
1,-0.94557,9.7094,-9.9229,3,8,16.26,31,0.21267,18,10
1,-0.75119,13.931,-3.4762,10,15,21.31,26,0.083998,17,9
1,-1.1059,7.776,-5.762,8,12,3.825,31,0.031524,10,11
1,0.43461,6.8382,-3.7372,4,11,20.348,29,0.0038621,22,5
1,-1.2966,7.0935,-7.9633,7,15,7.5173,20,0.041234,20,7
1,0.66341,15.994,-3.8403,5,9,19.413,47,0.021594,11,10
1,1.2061,9.8275,2.1532,5,26,3.1259,35,0.072493,18,8
1,-0.094349,10.602,-5.5016,13,14,14.539,27,0.093939,19,5
1,1.4852,11.36,-7.0432,5,14,26.449,32,0.012505,17,5
1,1.3711,14.834,-2.7696,5,11,5.0702,33,0.0055931,14,10
1,0.28882,5.4368,-3.9643,3,18,0.49511,28,0.023243,26,7
1,0.67079,11.44,-8.2051,8,17,0.93589,46,0.15334,15,9
1,-0.86222,7.8431,-2.0729,5,13,9.1851,35,0.11365,19,7
1,-0.69199,4.4337,-5.6436,8,18,12.881,31,0.052364,20,10
1,0.51788,12.726,-2.6808,4,11,0.70993,30,0.16041,25,11
1,-1.031,6.4691,-4.4772,8,14,13.488,29,0.17021,15,5
0,1.2982,7.6397,-2.9121,6,15,5.0453,34,0.99926,19,11
0,0.22697,5.7535,-3.0706,7,8,24.947,32,0.6447,23,9
0,0.63709,0.56608,-5.2067,5,21,5.625,36,0.92355,13,7
0,0.5449,4.8932,-5.2269,7,6,13.929,39,0.99892,21,8
0,1.9691,8.6351,3.659,7,6,7.7437,33,0.94867,14,6
0,-0.20162,2.5818,-2.4939,5,10,13.808,32,0.98262,17,8
0,2.5132,13.416,-4.7465,1,9,3.4105,32,0.80039,9,6
0,0.40919,10.468,1.1615,12,13,15.201,43,0.99991,16,5
0,0.19411,8.5415,-4.1852,8,10,2.1519,36,0.71693,12,10
0,-0.95244,4.3956,-4.5389,5,15,20.26,30,0.99233,17,11
0,-0.12665,6.6256,-4.9127,5,13,8.1509,31,0.87624,17,9
0,-0.39312,6.6916,-6.1837,6,9,21.073,46,0.97557,18,9
0,1.5112,5.9197,-3.5438,8,8,5.3525,48,0.98866,21,7
0,-1.1333,9.9696,-1.2553,8,8,2.7096,44,0.43616,13,6
0,-0.12848,4.8939,-5.4775,11,10,4.1695,24,0.93553,16,6
0,-0.54483,8.8096,-2.6295,5,12,14.001,33,0.87975,16,8
0,1.0275,8.1028,-2.2952,13,5,5.3554,31,0.70384,18,6
0,2.256,17.652,-8.2384,9,12,0.31585,38,0.91323,10,9
0,2.2057,7.3039,-4.3444,6,10,14.194,39,0.95778,12,9
0,-0.43338,3.0989,-2.1426,4,10,9.5238,32,0.60304,14,7
0,-0.46903,14.229,-4.8167,8,7,2.3226,39,0.7513,25,5
0,0.11366,4.5415,-4.156,15,13,17.87,29,0.81399,22,10
0,0.47179,2.9563,-5.1169,7,11,9.1487,29,0.99982,13,9
0,2.3009,6.7441,-2.5496,9,8,10.895,30,0.92887,19,6
0,0.0050065,2.8865,-3.2132,8,6,14.639,32,0.69299,23,8
0,0.64967,12.439,-3.798,2,12,45.301,37,0.84314,16,11
0,0.74611,5.2191,-4.8682,3,8,6.7599,27,0.90035,12,9
0,-0.45567,7.352,-4.9438,9,13,17.914,35,0.90055,15,5
0,-1.2272,3.0771,-1.2529,8,11,7.4873,39,0.77995,8,7
0,-0.18311,2.4347,-1.4881,6,11,7.372,44,0.81109,16,6
0,2.0729,6.6828,-6.8701,9,11,2.8184,27,0.97112,21,4
0,0.15667,9.3834,-2.3899,10,11,13.368,41,0.69731,10,8
0,-1.3592,15.614,-6.2934,4,4,14.565,40,0.55455,20,8
0,1.9501,-0.86082,-7.2609,10,15,5.2963,37,0.98093,15,7
0,0.55465,9.2478,-3.5137,10,10,1.5256,41,0.9993,19,6
0,1.7937,8.2648,-4.1827,7,12,21.511,37,1,18,7
0,-0.33285,14.127,-0.52236,8,11,28.364,31,0.96735,13,5
0,0.20837,18.327,1.5283,8,6,1.7064,30,0.95841,21,6
0,-1.3611,1.5522,-1.6605,4,14,58.293,34,0.96975,19,6
0,-0.59046,12.643,-1.5436,11,4,6.048,34,0.58176,19,9
0,-0.19299,2.2979,-6.215,11,6,1.0756,29,0.52791,13,11
0,-0.96733,-1.3815,-5.5584,10,6,18.312,28,0.93031,20,7
0,1.5734,10.493,0.051076,8,8,4.736,32,0.51749,16,6
0,0.42648,4.8227,-2.3104,8,7,26.795,40,0.77181,18,8
0,0.84244,5.6383,-1.2244,5,9,1.4532,28,0.75292,19,13
0,0.067521,4.026,-7.9881,12,5,12.163,25,0.58852,22,6
0,0.79365,4.311,0.86409,12,12,8.598,41,0.92239,15,5
0,1.4172,9.8022,-7.586,3,11,8.1645,42,0.65782,14,13
0,1.2835,10.319,-4.6095,6,13,19.458,47,0.88252,16,6
0,1.8255,5.4367,-2.4641,6,10,21.485,31,0.93975,8,7
0,0.55612,1.4282,-4.3853,14,10,2.816,24,0.98381,18,10
0,-0.58747,6.0546,-4.437,12,4,25.585,33,0.98275,15,5
0,-0.28781,3.834,-6.4082,12,8,3.3074,27,0.90275,19,6
0,-1.0812,13.632,-0.017529,6,6,5.1027,33,0.87836,19,7
0,0.011135,10.947,1.4908,12,7,6.0477,40,0.88068,21,6
0,1.2706,8.7881,-5.2568,2,12,17.428,39,0.99537,15,8
0,0.42693,6.2643,-2.3505,3,8,9.8864,37,0.92375,21,9
0,0.4442,6.4006,-2.6607,6,13,0.77202,32,0.88205,25,7
0,-0.75502,14.423,-3.577,12,3,15.059,37,0.95191,16,7
0,1.0194,7.4886,-4.9747,5,8,3.0625,35,0.99199,5,6
0,0.26477,2.4682,-6.5261,10,10,1.4232,31,0.4145,14,6
0,1.0588,4.6769,0.17986,5,7,1.7434,31,0.58765,10,6
0,-0.24495,9.2554,-4.1658,7,15,0.6424,26,0.92929,21,8
0,-0.6459,4.1181,-6.2135,5,9,15.588,32,0.94294,13,9
0,0.43225,7.0369,-2.8274,8,9,23.01,33,0.99488,17,6
0,1.8323,9.0671,-4.2903,13,16,7.3499,34,1,18,7
0,-0.52931,8.2123,1.3622,4,7,13.142,28,0.91769,21,9
0,1.1217,7.5071,-6.5116,3,8,36.526,35,0.98784,16,6
0,1.1258,18.281,-5.0705,6,5,1.8585,39,0.71292,14,8
0,0.95463,3.8577,-4.0995,3,4,14.359,39,0.919,12,7
0,1.4282,8.0013,1.1747,6,11,3.6163,33,0.071725,24,10
0,1.6016,6.3074,-5.5129,4,15,24.472,37,0.99979,12,3
0,-0.29499,8.0494,-10.174,2,17,3.4581,38,0.97851,16,11
0,-0.21786,7.5982,-9.4778,5,5,4.8838,41,0.93459,18,7
0,1.1357,1.7554,-4.5866,6,9,0.53504,29,0.95636,14,7
0,-1.3153,1.7544,-3.6462,5,13,1.7447,37,0.95413,13,5
0,1.1437,5.679,-0.14773,5,8,9.453,41,0.75336,14,8
0,0.27765,3.597,-0.35462,2,11,8.1205,34,0.7777,24,6
0,1.9003,7.8494,-4.4991,6,7,12.278,42,0.38841,19,8
0,0.5007,8.1494,-6.5286,3,17,2.4879,58,0.75311,16,8
0,0.54565,10.621,-5.9819,4,9,5.2941,46,0.61063,20,6
0,0.902,4.3006,-7.268,6,11,4.6202,37,0.3683,14,8
0,1.4173,1.5796,-1.6018,5,10,1.9215,29,0.6732,14,9
0,-0.95547,9.0908,-0.77117,4,8,21.582,37,0.94836,11,7
0,-1.769,4.2781,-5.6436,7,8,13.022,34,0.8949,18,7
0,-0.6432,13.57,-6.8707,11,10,4.8428,42,0.24493,16,7
0,-0.10147,10.439,1.0052,11,11,25.185,33,0.79729,17,6
0,0.70157,9.1381,-0.91808,8,9,0.47886,35,0.83916,17,6
0,0.83595,1.9768,2.7832,6,8,1.6078,54,0.74557,14,6
0,-0.6037,7.1589,-1.5673,13,10,6.3602,26,0.63374,13,8
0,-0.77855,10.761,-2.6252,6,6,5.3487,38,0.61261,19,7
0,0.41032,3.9468,-3.8453,7,9,9.8615,34,0.56625,13,6
0,-1.5519,11.884,-0.32709,10,11,20.367,35,0.99377,14,7
0,0.74953,9.7678,-0.20015,10,16,14.467,34,0.99628,16,7
0,0.12187,8.6665,-4.0888,1,9,34.533,36,0.89144,20,4
0,2.6302,8.9728,-7.5649,5,3,1.8329,37,0.95375,13,6
0,-0.32195,10.327,-0.67945,9,14,13.179,38,0.99983,16,10
0,0.82553,-0.26369,-6.404,8,10,6.0628,34,0.61573,16,9
0,0.04207,6.4385,-1.603,10,5,16,30,0.99526,15,6
0,-0.65765,12.774,2.3103,7,11,3.4737,40,0.88211,10,6
0,0.47588,-0.53888,0.3808,5,8,3.62,37,0.93412,13,7
0,1.3956,11.15,-8.713,9,14,4.0727,28,0.83648,18,6
0,1.3444,13.057,-1.2327,9,11,21.046,30,0.65835,23,6
0,2.0151,5.9314,-3.3681,8,9,3.4997,34,0.9941,13,7
0,1.0441,6.9989,-4.1152,5,6,24.428,47,0.73974,14,10
0,-0.92332,8.5239,-3.7947,8,16,1.1032,40,0.98264,21,3
0,0.98117,3.6369,-4.0637,7,8,6.8802,28,0.96697,16,6
0,0.81655,14.376,-1.9037,7,13,15.336,38,0.87599,19,5
0,1.6575,9.2325,-7.2991,4,5,15.723,35,0.97968,15,8
0,3.5719,5.4818,-0.081905,11,8,3.01,32,0.71993,19,8
0,0.6213,8.2294,-2.2269,10,10,13.044,32,0.72031,14,11
0,0.92157,9.8714,-5.8932,4,15,1.4135,38,0.57208,13,7
0,1.3314,10.336,-0.083092,7,14,24.484,49,0.67764,16,6
0,0.66078,4.7189,-9.7007,3,7,21.554,30,0.62479,10,6
0,-1.5886,3.8028,-4.5666,5,12,8.043,37,0.80528,25,10
0,1.2735,2.2496,0.56052,16,6,7.3241,36,0.6058,20,10
0,2.0292,8.3784,-2.4564,10,12,0.75452,36,0.98395,19,7
0,1.0525,9.3297,-2.7137,9,14,9.3974,37,0.85043,15,11
0,0.18093,9.5282,-2.9262,7,8,27.118,26,0.92201,15,5
0,0.8683,7.1447,-2.7818,5,11,25.219,26,0.95317,16,6
0,1.0811,14.772,-7.1039,11,10,30.898,45,0.75316,22,7
0,-0.49506,8.7115,-3.4918,5,11,7.7493,30,0.99919,18,7
0,-0.73966,5.1943,-0.85639,2,12,5.9555,37,0.8322,23,5
0,0.1697,8.7911,-1.791,11,12,23.18,34,0.62428,18,6
0,0.41603,10.758,-2.0253,6,13,15.263,42,0.57434,16,5
0,1.6497,4.153,-6.7395,12,15,1.7406,27,0.90802,23,8
0,-0.35551,9.2068,-7.3111,3,12,27.478,35,0.99291,9,4
0,2.1217,3.6357,-6.2008,7,13,5.057,34,0.99164,23,7
0,-0.62765,4.7935,-2.7268,9,10,2.1802,42,0.99738,15,6
0,-0.043045,6.3645,-7.785,10,5,2.0585,29,0.91441,16,7
0,1.8533,7.5572,-5.0412,6,5,1.326,27,0.88716,24,8
0,-0.73311,3.7914,-3.8641,10,15,2.5293,38,0.81851,17,10
0,-0.58535,20.414,-2.3607,10,10,15.389,32,0.87991,17,6
0,0.6999,6.5689,-0.10418,8,14,5.6131,37,0.35886,24,11
0,0.26738,7.2861,-1.0675,5,10,32.651,41,0.99856,17,4
0,0.63824,10.671,-4.3714,8,13,4.8331,34,0.99123,14,7
0,0.58228,8.2628,-1.6091,11,11,9.1278,30,0.76611,12,7
0,1.3528,4.9461,-5.8947,5,4,8.5831,32,0.99603,15,6
0,0.24305,9.97,-4.4558,9,12,6.6745,25,0.88892,9,9
0,-0.20873,9.2408,-3.8646,15,9,12.609,33,0.91722,21,6
0,-0.98107,1.5876,0.24913,2,15,3.9787,37,0.99901,17,9
0,-1.4713,10.239,-1.0587,9,9,1.7682,37,0.98639,17,5
0,0.73658,2.3071,-5.6493,1,11,0.48764,34,0.75165,16,5
0,0.69283,8.1341,-11.331,7,8,15.067,39,0.83193,14,10
0,0.054253,6.8932,-5.3398,5,11,5.9752,34,0.99742,12,14
0,-0.20696,5.5828,-6.7426,3,5,17.247,33,0.86403,16,8
0,0.50636,12.661,0.10373,7,3,6.4007,34,0.77437,19,3
0,1.4287,12.96,-5.0289,5,4,5.0043,30,0.97892,21,6
0,0.97479,10.65,1.2738,7,5,6.6876,31,0.50115,25,7
0,-0.12766,8.7754,-5.0302,9,7,7.0695,40,0.56582,10,9
0,0.45065,9.5778,-5.555,4,18,24.597,36,0.94126,15,1
0,0.36498,13.973,-5.6567,9,9,2.0271,28,0.67549,17,10
0,-0.011834,8.7753,-3.3181,6,8,13.594,37,0.75315,30,8
0,2.6143,9.0699,2.8405,8,13,0.42585,36,0.81076,25,5
0,1.6579,10.325,-7.833,6,9,3.3437,46,0.9535,18,10
0,2.0821,20.937,0.23515,11,15,5.3405,36,0.96769,28,7
0,0.42328,6.4156,3.4109,8,5,1.0765,48,0.9874,15,10
0,1.6667,12.515,-4.5066,6,12,4.023,40,0.95874,9,6
0,1.3508,7.132,-5.5591,3,11,1.3032,38,0.9628,22,11
0,1.6115,8.5296,2.3476,9,15,3.7899,29,0.76295,23,8
0,-1.3101,17.112,-4.848,4,11,6.2279,35,0.99766,16,5
0,0.31571,4.6035,-9.4675,8,8,23.794,31,0.97212,14,8
0,-0.39733,8.069,-6.0438,7,8,13.423,23,0.99037,16,8
0,1.9621,8.7632,-9.3861,2,13,1.611,32,0.96302,12,9
0,2.2953,12.782,-5.3257,10,8,1.5484,27,0.96236,18,9
0,0.15587,15.504,-1.0191,10,9,3.636,27,0.22508,26,5
0,1.5282,14.309,-7.5246,9,9,4.7794,31,0.93925,15,5
0,-0.0067485,12.764,-8.463,9,17,14.649,35,0.75764,21,5
0,-0.13663,1.7288,-6.8914,3,12,23.412,38,0.90206,12,10
0,-0.12781,1.3529,-1.9107,6,11,2.5045,30,0.98742,16,6
0,0.44151,8.0159,-0.72486,6,8,5.843,36,0.98951,22,7
0,0.98263,3.866,-7.6433,10,13,4.4878,30,0.99024,15,8
0,-0.047053,10.12,-5.754,9,13,10.351,34,0.99905,24,4
0,0.59873,11.765,-3.0236,7,13,0.74259,34,0.99889,23,5
0,0.2786,7.7778,1.8411,8,11,17.926,35,0.88372,13,8
0,0.60648,6.2215,-0.16425,4,10,4.3648,41,0.99746,17,6
0,-0.31481,3.5282,-4.9775,10,10,14.003,36,0.98439,17,7
0,-0.68774,7.552,-1.9618,8,12,7.7388,30,0.55742,22,10
0,0.04384,8.9001,1.5301,10,14,1.7193,32,0.81949,15,6
0,0.76736,7.3354,3.7801,8,5,12.633,31,0.95443,24,8
0,1.056,4.2438,-1.2201,7,11,4.1867,30,0.98657,19,8
0,1.1488,5.9114,-6.4682,11,11,18.253,29,0.92754,12,4
0,1.114,9.0482,-2.8141,8,4,1.3227,30,0.93522,27,11
0,-0.49349,1.9675,-5.3295,11,7,10.233,45,0.45094,13,3
0,1.0819,1.0701,-5.8669,8,5,0.027448,26,0.63015,16,6
0,1.5545,2.5555,-3.2651,6,13,3.0807,34,0.99899,18,10
0,-1.9591,8.2279,-6.2467,5,13,26.084,29,0.69821,20,6
0,0.66833,7.0079,-2.5085,6,9,8.2795,22,0.902,23,11
0,-0.7614,7.6272,-2.8009,8,9,6.278,33,0.5838,26,7
0,1.0402,8.3296,-2.7226,7,13,5.2382,42,0.91429,19,7
0,1.2812,7.4927,-1.2471,7,14,0.79231,37,0.93906,23,8
0,2.3639,3.3351,1.6628,6,4,2.6342,36,0.99796,20,4
0,1.222,9.6705,-11.416,7,7,18.897,29,0.93473,18,5
0,-1.7296,10.806,-4.3292,7,11,11.032,46,0.85743,15,7
0,0.44604,2.6925,0.18024,8,7,3.4861,38,0.99405,24,5
0,0.79259,4.3687,-7.4471,9,10,14.017,31,0.99836,20,8
0,0.2189,5.0085,-7.045,10,9,24.449,27,0.99997,21,5
0,1.6056,5.1463,-3.7226,4,13,24.259,41,0.99832,14,5
0,0.20925,8.4674,-4.5355,9,5,11.014,45,0.97841,24,7
0,-0.086766,15.939,0.39602,6,16,22.523,31,0.72587,20,9
0,0.02826,4.9545,-2.5416,9,6,39.56,30,0.8663,26,11
0,1.2915,8.848,-2.4888,7,8,2.3742,34,0.69038,20,9
0,0.32879,7.5884,-2.6406,4,8,3.7187,36,0.9623,16,7
0,-0.062167,4.2992,-5.4481,9,15,17.691,36,0.96594,19,8
0,0.55988,7.1748,-6.7498,6,13,3.3403,35,0.75703,17,9
0,0.080927,11.441,-3.2515,7,10,12.212,33,0.89908,23,7
0,0.83569,8.9389,-4.6361,2,11,1.0853,23,0.7809,22,5
0,1.6354,10.693,-0.82247,7,7,6.4264,39,0.77291,15,8
0,-0.13205,7.6994,-5.6306,7,13,9.537,34,0.937,16,5
0,0.45516,9.0498,-7.2665,5,13,2.2268,41,0.9114,22,7
0,0.37409,4.6737,2.5204,7,8,9.6393,20,0.84476,15,5
0,1.2949,7.3766,-2.2109,7,8,8.5832,41,0.98046,25,4
0,1.022,10.891,-7.4094,9,15,33.424,30,0.99616,17,3
0,0.28215,14.127,-2.6861,2,15,5.9991,40,0.99632,13,7
0,-1.1757,12.091,-7.2488,9,14,26.946,31,0.9061,17,6
0,0.61588,-0.32382,-3.6878,10,9,6.0416,39,0.89797,17,9
0,0.36466,3.3079,1.1781,8,12,13.051,41,0.64821,12,5
0,0.46502,10.225,-1.3585,8,10,40.882,46,0.94628,19,6
0,-3.0723,9.0744,-9.2915,3,13,1.9091,32,0.82262,14,7
0,0.54954,11.523,-2.4382,4,17,5.2851,32,0.98823,11,7
0,0.27182,7.4177,-4.2526,5,16,5.9297,39,0.99556,16,10
0,-0.38085,10.687,-4.6881,13,13,36.922,32,0.90435,17,10
0,-0.14498,6.9403,-6.6676,6,4,4.4038,27,0.98061,21,7
0,-0.19796,6.5,-2.5741,7,14,4.6857,43,0.56914,20,9
0,2.5328,10.024,-4.4824,6,12,21.318,29,0.43143,19,7
0,-0.99626,7.869,-4.7639,8,12,4.0533,35,0.99662,13,6
0,0.71229,7.3318,-4.9823,5,10,1.7649,40,0.98586,21,7
0,-0.30792,4.2683,-4.3743,4,19,15.886,41,0.9559,21,8
0,0.16623,7.7803,-3.7929,5,12,7.6896,33,0.90914,21,7
0,-0.70427,10.025,-8.9472,2,7,5.025,37,0.89598,19,9
0,-1.431,5.098,-1.9622,9,9,2.618,41,0.90949,29,5
0,-0.093861,13.389,-2.5898,2,8,13.637,25,0.98899,23,4
0,2.0717,11.954,-1.9322,11,13,0.9541,40,0.97405,17,8
0,1.4799,1.6778,-9.8739,5,10,73.517,36,0.75198,25,5
0,-1.2195,11.531,-6.259,6,13,14.681,41,0.60701,15,8
0,0.89748,11.162,-5.4046,6,7,2.5919,31,0.98314,20,9
0,1.0732,7.043,-2.5034,4,14,24.816,37,0.66447,25,4
0,2.0346,10.204,-3.9893,3,9,25.67,40,0.71776,17,7
0,-0.61412,12.11,-5.2085,9,10,44.197,27,0.81963,16,6
0,-1.1152,11.13,0.33566,8,8,1.0159,29,0.91763,16,10
0,1.8812,7.7278,-4.2908,9,11,2.7896,41,0.89994,11,7
0,-0.26139,5.3092,0.39187,12,8,19.589,31,0.84604,20,4
0,1.407,9.753,-8.0293,6,10,0.021318,30,0.97384,22,6
0,1.105,4.0104,-3.3717,6,10,19.856,29,0.64879,20,5
0,-0.042629,14.19,-3.4577,9,8,4.5433,30,0.98136,20,6
0,0.27898,12.856,-7.4761,4,20,1.496,34,0.99158,21,11
0,0.54312,11.082,-5.8219,5,15,30.339,32,0.99525,18,9
0,0.53963,8.5398,-1.2811,6,8,4.0749,33,0.98928,25,6
0,0.92118,4.7743,0.84998,6,13,5.1258,33,0.49568,22,5
0,-0.56336,6.6112,-1.8471,5,10,9.3292,32,0.96573,11,5
0,-1.9031,8.8489,-6.7094,2,7,2.0808,30,0.99193,16,9
0,-0.46042,3.0338,-0.93056,4,8,0.0096246,33,0.93082,20,7
0,-0.097388,5.3066,-3.2713,6,13,8.423,35,0.96521,22,13
0,0.30511,5.0322,-4.4724,6,18,6.1413,34,0.61902,17,8
0,1.2497,1.7071,-6.3131,6,6,5.0471,32,0.73956,13,10
0,1.5486,10.271,-0.35616,9,11,46.751,32,0.98019,18,11
0,2.2002,13.12,-7.8035,10,12,12.832,35,0.98088,21,9
0,0.34534,13.848,2.0021,4,10,21.095,41,0.99548,22,7
0,-0.86249,14.289,-3.9713,6,3,34.011,39,0.93197,24,7
0,-0.63653,7.6902,-8.6598,10,16,41.362,43,0.85824,21,5
0,-0.37856,4.9968,-3.909,9,11,6.7398,33,0.69957,16,5
0,0.14212,9.7273,-8.024,8,9,2.4426,52,0.8674,16,7
0,-0.15653,9.7621,-4.7218,6,8,2.5392,38,0.88021,19,8
0,-0.31213,10.919,-4.0304,12,9,6.7128,36,0.97848,10,6
0,0.99275,4.8063,-4.7375,5,8,37.796,42,0.82894,19,9
0,1.0773,7.8561,-1.4337,10,13,5.0877,41,0.88344,18,3
0,3.2886,3.0268,-6.4297,14,9,1.2242,35,0.84632,17,5
0,1.5243,10.56,-3.2124,7,10,12.228,30,0.92081,12,7
0,1.5944,13.271,-0.19684,10,11,16.127,51,0.924,16,6
0,0.12247,13.028,-3.9546,1,9,2.9983,37,0.6581,23,8
0,0.32642,12.689,-5.5156,8,12,50.805,40,0.92164,20,10
0,0.64644,8.2646,-3.3225,8,13,1.8458,42,0.91404,12,9
0,-0.12389,9.1863,-6.7849,7,8,0.76369,42,0.86499,14,5
0,0.51846,4.9065,-2.0492,6,14,2.6335,39,0.99082,23,4
0,0.30439,8.869,-4.0107,3,14,1.1092,39,0.8256,27,7
0,-0.021129,10.988,-8.3729,10,10,4.4113,35,0.91525,19,7
0,1.9806,8.8714,-10.424,9,4,11.593,38,0.65984,27,6
0,2.7183,7.8035,-6.3181,3,12,10.356,30,0.74667,20,8
0,-1.8745,7.5617,-0.35471,11,15,1.8825,38,0.99312,25,6
0,1.1862,6.7838,-2.6626,13,11,5.4219,39,0.38655,25,5
0,-0.94078,9.0458,-1.0584,8,11,22.118,35,0.68613,22,6
0,1.3151,14.632,-4.8649,3,9,2.2477,37,0.99753,19,6
0,1.0096,6.703,1.3738,9,8,8.7808,37,0.95159,15,5
0,0.79548,4.7096,-4.3862,2,14,6.7339,40,0.86443,9,12
0,0.85933,9.2547,-4.9346,3,5,2.748,29,0.95172,20,5
0,0.83913,12.244,-0.68811,8,15,2.4322,28,0.93612,18,7
0,-0.077531,4.0871,-4.5999,1,3,5.0409,41,0.99922,19,7
0,0.75389,8.3737,-8.8094,6,8,2.0333,42,0.98782,27,6
0,1.3921,6.7078,-2.9862,8,9,29.469,30,0.98737,20,7
0,0.3293,3.4536,-2.263,6,11,17.571,33,0.49135,7,8
0,0.86761,3.2407,-6.1597,8,12,9.9392,29,0.70476,10,3
0,0.94341,-0.46092,-4.5254,5,13,2.3042,33,0.99784,13,6
0,-1.4676,8.5487,-6.3834,5,5,2.1503,25,0.85677,15,7
0,-0.30461,20.874,-0.33131,10,11,13.67,36,0.7148,17,6
0,-1.998,6.2284,-2.1247,8,8,7.7167,41,0.91616,13,5
0,-0.38462,11.321,-10.173,6,7,10.453,32,0.99476,20,8
0,-0.71415,12.792,-4.9563,4,6,1.7999,38,0.99543,17,7
0,-0.76107,3.4635,-3.7304,4,11,12.873,35,0.89445,16,7
0,1.2205,4.888,-4.304,4,9,28.621,32,0.848,15,5
0,-2.11,7.599,-7.3494,8,11,1.0684,37,0.94388,15,4
0,1.4482,12.602,-3.7795,5,10,43.331,39,0.58531,19,5
0,0.39482,10.711,-7.2401,5,9,3.0797,29,0.74183,18,4
0,0.40762,6.8537,0.77686,8,13,49.347,32,0.97307,14,8
0,-0.081852,11.982,2.3539,5,12,16.154,35,0.96083,14,6
0,1.2593,7.6999,-2.8948,10,11,4.505,23,0.97184,30,10
0,0.91589,10.439,-7.4725,7,5,18.36,33,0.99982,18,6
0,0.75682,13.377,-2.9511,5,11,10.194,36,0.99995,11,7
0,-0.11815,11.838,-3.2426,7,16,1.6802,30,0.83595,18,8
0,2.3409,10.94,-0.34242,6,8,0.95838,48,0.46456,22,5
0,-0.30135,4.8912,-8.4118,8,13,11.505,42,0.43282,13,7
0,1.5683,7.2848,-3.5679,7,5,6.4653,37,0.7933,15,9
0,-0.41164,-2.1008,-2.2241,12,9,7.139,39,0.97691,18,8
0,0.90231,11.246,-9.0331,3,7,0.0022178,31,0.28596,20,6
0,1.4852,8.8641,-6.7379,7,9,10.707,46,0.99704,20,8
0,1.9855,2.4193,-1.2182,7,6,10.153,42,0.62687,16,4
0,0.4589,0.82631,-5.8927,9,11,3.1179,28,0.99199,15,5
0,0.80134,10.859,-5.3686,7,7,2.0268,27,0.91531,23,8
0,0.98148,6.0337,-5.592,8,9,5.2692,29,0.93763,15,8
0,1.2132,8.1867,-4.4619,13,9,15.633,35,0.95072,13,9
0,0.63957,11.705,-5.7126,10,5,4.7482,46,0.67155,20,8
0,-0.23129,4.6395,-2.9041,7,10,0.60315,29,0.9936,13,5
0,2.4702,10.942,-2.9987,5,13,7.0768,37,0.8114,27,5
0,0.42495,3.0992,-7.2149,6,14,20.266,34,0.78701,29,4
0,-1.1739,4.6774,-2.2221,6,10,0.62345,38,0.84777,14,12
0,0.21535,5.6014,-1.8652,1,8,7.7538,36,0.89557,14,12
0,0.55293,6.5846,-0.54288,4,11,17.21,34,0.86988,22,6
0,2.8691,5.5453,-3.4844,5,8,4.0182,36,0.96559,13,8
0,0.41966,11.965,-1.8306,6,8,55.275,36,0.88003,22,7
0,-0.98623,11.227,-2.5253,7,6,3.6613,29,0.4944,20,9
0,-0.22727,13.774,1.0722,5,10,9.2598,37,0.56258,19,9
0,1.0966,7.0285,-4.8017,5,11,7.7476,31,0.84611,16,5
0,1.7904,18.619,-3.3537,6,9,21.14,27,0.98798,15,5
0,0.19717,10.446,-12.325,8,11,5.4108,28,0.32583,16,9
0,0.23797,5.8412,-3.4461,5,10,15.908,31,0.85535,22,7
0,0.37041,11.511,-4.8278,8,12,26.852,43,0.47009,11,8
0,-0.029733,9.6201,-0.96101,9,10,3.555,40,0.97229,15,7
0,0.48696,12.356,-6.3682,6,11,35.46,46,0.888,19,9
0,0.44354,10.855,-6.3134,8,15,10.015,42,0.83316,12,4
0,0.087532,8.2613,-9.7735,10,7,0.99186,43,0.98083,17,4
0,2.2849,11.071,-3.5209,6,4,3.1244,25,0.70881,12,8
0,0.92226,7.9786,-1.2598,5,15,4.6444,41,0.9675,15,11
0,-0.88546,7.2627,-0.67401,9,11,7.1168,35,0.90505,16,6
0,1.681,4.7129,-7.5124,9,8,3.1712,34,0.99314,21,10
0,1.315,10.589,-5.8919,6,9,23.906,36,0.34628,16,5
0,0.035592,10.768,-2.574,7,8,6.3943,43,0.69328,21,6
0,1.4531,7.3953,-6.2157,7,11,3.8723,34,0.93658,16,5
0,-0.1967,16.121,-0.32128,15,6,39.109,28,0.94677,28,6
0,0.40842,-1.129,-1.826,5,9,34.624,33,0.57636,23,7
0,0.37957,7.0386,-6.8849,6,8,2.5649,34,0.67167,17,5
0,1.9139,10.332,-1.9866,4,12,4.5335,33,0.50617,19,8
0,-0.16208,4.1029,-4.5253,8,10,10.943,44,0.96361,21,7
0,1.6638,3.1937,-3.0864,7,8,2.844,35,0.55795,9,8
0,-0.17871,6.7856,-3.091,3,11,1.6823,23,0.70483,20,9
0,0.56142,4.7258,-4.0538,8,10,4.8113,22,0.93886,10,6
0,0.73592,5.0367,-3.9108,9,7,0.23523,42,0.99989,16,4
0,-0.20184,13.38,-2.7243,5,12,1.5686,39,0.86977,20,5
0,-0.59637,10.432,-5.4981,6,15,2.7092,41,0.60132,16,5
0,0.38343,11.593,-5.0902,10,17,15.067,26,0.7356,18,5
0,0.32324,9.6007,-3.7067,10,15,12.239,42,0.50013,13,7
0,-0.18522,7.2733,-4.9976,11,8,19.343,36,0.97625,14,7
0,-0.56916,6.7959,-4.828,4,7,6.4823,35,0.99528,13,9
0,0.3477,8.6871,-4.5161,4,16,15.108,40,0.92111,17,10
0,1.6012,12.161,-0.25552,10,5,5.2563,52,0.99995,15,5
0,-0.2334,7.7708,-5.0816,6,16,0.90225,33,0.81041,18,4
0,1.8397,1.3019,-8.3347,7,9,2.9982,31,0.78588,23,9
0,2.093,8.1604,-2.9458,6,6,0.87695,40,0.94839,9,7
0,1.3608,4.0804,-6.0016,5,4,0.011484,43,0.97106,20,7
0,-0.82208,13.672,-5.9491,9,10,31.635,32,0.82128,21,6
0,2.0579,6.8263,-9.7356,2,17,19.501,36,0.73578,24,10
0,-0.38168,9.9665,-4.223,5,8,1.3773,37,0.83943,21,5
0,0.44631,10.967,-6.2464,7,13,10.486,35,0.94996,21,9
0,0.64662,11.633,-8.9131,10,8,11.147,39,0.88951,21,11
0,0.43018,6.3459,-0.57748,6,10,10.76,34,0.97758,12,6
0,0.50278,4.7683,-10.172,3,15,2.9897,39,0.92644,23,4
0,0.89634,0.88206,-3.6791,11,7,27.979,34,0.98213,12,7
0,1.3758,7.7021,-3.2511,11,11,21.929,32,0.80255,20,3
0,-0.95672,10.256,-3.6703,8,10,27.931,32,0.99375,16,6
0,0.9265,9.5244,-6.1091,7,13,5.0303,39,0.85966,20,11
0,1.5938,8.5205,-6.892,9,8,6.2314,23,0.97942,16,6
0,1.136,10.06,-2.7215,10,9,2.2302,35,0.98956,15,8
0,-1.109,13.407,0.57612,8,3,0.17639,34,0.95298,13,7
0,1.2832,15.943,-4.4814,3,12,4.3627,35,0.88478,16,8
0,0.98544,14.644,-10.034,5,6,2.1413,41,0.98264,17,4
0,0.72797,2.6817,-9.6789,11,10,4.4925,34,0.75863,17,5
0,0.50902,6.0841,-3.9691,6,6,0.058135,37,0.8839,16,7
0,-0.036426,4.8244,-5.133,9,5,1.408,35,0.75719,21,6
0,0.68698,13.383,-4.1285,6,12,24.579,28,0.97136,16,7
0,0.87148,7.4134,-7.4799,9,13,9.676,46,0.88919,24,8
0,0.0158,9.0322,-6.4334,3,5,15.325,40,0.49063,11,4
0,1.3553,5.4213,-3.0997,7,11,27.8,32,0.54885,15,8
0,1.7566,6.4667,-2.969,6,10,10.438,32,0.91512,13,6
0,0.56883,8.6736,-0.305,8,10,44.085,38,0.98537,22,4
0,-1.9747,1.2675,-4.7377,4,9,9.2633,36,0.32205,18,10
0,0.84171,13.5,-3.8542,9,7,3.1701,37,0.95393,20,8
0,0.62167,11.554,-4.5711,9,14,2.0669,37,0.78619,20,6
0,0.90707,0.4029,-2.885,13,4,0.48498,42,0.80167,13,8
0,-0.41341,6.7211,-3.6513,10,5,31.714,40,0.96525,21,7
0,0.42727,10.405,-0.87993,7,10,11.39,42,0.37736,19,9
0,-0.27433,13.337,-7.6721,4,7,11.962,44,0.94993,19,9
0,-0.21442,11.358,-3.0002,11,11,18.914,39,0.88639,20,8
0,0.10965,4.3333,0.62838,8,11,23.92,36,0.99995,30,9
0,0.93114,14.664,-6.1003,5,11,1.3872,43,0.91265,13,8
0,-0.068208,12.333,-3.9881,7,11,1.8319,25,0.63971,13,6
0,0.81185,14.923,-2.9616,4,9,2.131,36,0.38168,21,11
0,2.2788,8.0495,-6.5968,9,8,16.14,27,0.82699,18,5
0,-1.2507,10.235,-4.5918,13,6,5.0923,45,0.92812,17,3
0,1.0091,6.5423,-6.6311,8,11,5.1373,24,0.74263,16,7
0,-0.36317,3.0412,-0.32331,6,8,13.568,36,0.81799,25,10
0,0.32805,8.3046,-5.5487,4,13,3.1862,28,0.49003,13,10
0,1.6763,8.9516,-3.0149,8,10,1.3187,37,0.97987,22,8
0,-0.64398,4.9705,-1.0529,6,15,4.2964,37,0.82127,14,11
0,0.96654,2.1232,-3.7117,7,7,2.4163,40,0.76848,22,3
0,1.7663,1.5647,-5.618,6,19,0.95921,17,0.9579,20,10
0,2.3698,3.0139,-2.3083,9,8,10.346,34,0.9973,19,10
0,1.1484,5.762,-5.9809,7,12,19.375,25,0.86656,19,6
0,0.78714,10.157,-2.0381,14,9,22.742,28,0.99903,33,10
0,-0.53127,2.0955,-0.7764,3,14,5.0151,31,0.96598,18,8
0,0.6399,14.609,-4.5805,7,13,8.004,31,0.85005,19,4
0,0.23033,1.1924,1.1953,6,9,5.3192,41,0.975,19,7
0,0.95692,13.938,-4.3103,11,5,15.94,46,0.94072,30,5
0,1.0488,4.3179,-4.6946,6,9,0.082836,27,0.99982,16,7
0,0.98997,9.9523,-2.3446,7,10,33.846,33,0.99551,18,10
0,0.83386,10.093,-2.9396,14,13,10.754,34,0.9427,20,12
0,0.54958,8.6594,-2.2828,10,11,3.6535,43,0.78216,22,7
0,0.34699,4.1198,-4.4028,3,8,9.2631,35,0.96224,15,9
0,1.96,12.577,-1.4457,10,13,5.0902,26,0.44876,20,10
0,1.2397,11.472,-6.738,7,6,5.1391,29,0.96679,24,11
0,0.8506,1.7273,-2.4194,7,17,0.79965,28,0.72446,17,7
0,0.30095,14.746,-3.2988,9,8,23.2,33,0.53476,16,11
0,0.49295,8.4463,-6.5835,11,12,1.4873,37,0.94281,13,10
0,0.15876,13.3,0.99905,8,14,3.4271,38,0.9549,21,6
0,-0.30689,8.0121,-4.3959,9,5,1.7711,34,0.75385,16,6
0,1.5279,7.5786,-3.6679,7,6,1.2657,30,0.48514,10,5
0,-0.25444,11.483,0.74857,5,10,13.964,36,0.97885,19,5
0,-0.095479,5.9254,-1.1537,2,11,4.6768,50,0.991,15,6
0,-0.63463,5.8326,-5.8655,8,9,8.6251,29,0.72534,26,7
0,0.14061,5.7237,-3.049,9,6,5.6051,39,0.68017,13,11
0,0.91575,8.0059,-2.8972,5,12,0.23951,38,0.97513,14,8
0,0.87469,8.2013,-7.4411,5,2,3.8205,33,0.9946,25,8
0,0.45088,6.3103,-2.1435,3,15,13.262,32,0.89265,18,7
0,-0.29001,9.3564,-4.1396,7,12,34.4,48,0.74188,11,3
0,-0.20347,18.725,0.28657,2,11,4.2249,33,0.98241,23,8
0,0.38451,-1.0143,-5.607,5,12,23.788,33,0.98949,21,4
0,-2.2255,8.219,-2.413,1,8,2.7009,38,0.99129,21,5
0,-0.75752,4.1,-2.7501,7,10,7.1814,32,0.45601,12,7
0,0.61961,13.467,-5.7593,9,12,30.894,32,0.81141,17,6
0,2.2382,8.6946,-5.2865,5,11,20.109,36,0.96412,22,10
0,-0.22648,8.3597,-9.6046,12,6,1.0641,36,0.99289,13,6
0,0.027607,4.1294,-6.0445,6,15,4.1634,35,0.98315,6,11
0,1.416,4.9648,-5.9889,10,11,1.7005,40,0.94068,20,8
0,-0.00017673,8.1905,-6.7215,6,10,13.014,38,0.93963,12,7
0,0.087426,12.458,-7.449,9,12,26.217,42,0.96214,10,8
0,1.5295,8.9983,-0.41168,4,12,11.338,26,0.95974,18,8
0,-0.61749,2.2962,-2.317,4,10,18.892,29,0.67932,17,5
0,0.60048,10.223,-4.2402,6,11,2.8028,34,0.55699,26,2
0,0.23698,7.3841,-3.8507,9,9,2.2778,44,0.9821,22,7
0,-1.3906,6.7848,-4.9431,5,17,2.7675,29,0.98204,11,8
0,0.76523,15.445,-2.225,8,10,8.4934,35,0.91571,25,8
0,0.40842,9.6511,-2.4538,6,11,5.8769,36,0.95726,14,7
0,0.70362,1.8309,-3.0683,7,5,3.4826,30,0.78055,18,8
0,2.0092,8.3011,0.67248,8,12,12.095,45,0.58269,20,11
0,2.9982,8.0181,-4.0625,11,16,2.5609,24,0.67931,17,6
0,0.91885,4.9036,-2.1286,6,12,12.419,29,0.91019,18,7
0,1.2647,5.4512,-8.9525,8,14,14.173,36,0.9719,17,2
0,-0.33725,9.9688,-6.5056,7,7,13.939,40,0.65129,14,6
0,0.82945,10.564,-12.162,4,13,14.072,31,0.76167,22,6
0,0.14434,3.8395,-4.5346,6,8,9.4448,32,0.96041,23,9
0,-0.20029,3.8148,-8.2141,6,9,9.4718,33,0.96544,20,10
0,0.052268,10.053,-3.0148,4,5,3.3635,37,0.74731,20,11
0,0.1148,8.3005,-4.265,5,8,6.7916,36,0.99094,17,7
0,1.83,6.1501,-0.317,13,13,0.83852,37,0.87617,25,7
0,0.96668,2.2717,-2.0713,10,11,3.0871,48,0.99857,11,7
0,0.64992,1.3716,-4.2833,7,4,0.080589,39,0.69371,13,5
0,0.91208,8.6488,0.26439,8,6,2.4037,36,0.84009,12,9
0,1.8025,6.8272,-3.6517,8,5,33.332,27,0.8837,14,4
0,-1.1081,4.9412,-2.9072,13,10,0.96612,28,0.64772,19,10
0,1.9119,4.9214,-0.70352,9,13,10.064,28,0.85505,21,4
0,1.3775,6.4064,-2.518,8,8,32.442,38,0.99383,18,12
0,1.8309,1.7488,-1.0734,7,8,32.863,30,0.82265,21,6
0,0.02595,3.507,-0.25097,5,9,5.3391,29,0.414,20,7
0,2.7825,7.6104,-5.8495,9,11,25.012,34,0.72409,12,9
0,-0.061858,2.4754,-1.0903,4,10,14.181,31,0.24472,23,5
0,0.78871,13.951,-4.0265,4,13,9.8247,29,0.83425,14,6
0,0.26096,12.386,-8.2343,10,11,7.5829,35,0.94578,21,8
0,-0.68045,13.73,-6.2145,5,15,6.2778,34,0.97145,19,5
0,1.6996,8.6647,0.10876,6,4,2.4588,38,0.84305,21,8
0,0.60814,5.5272,-7.1959,6,14,3.4147,32,0.97056,14,11
0,-1.3892,9.2719,-3.1441,9,13,5.4211,42,0.98206,17,10
0,1.9086,11.954,-4.7757,6,13,9.5562,33,0.98097,26,10
0,0.41817,12.76,-2.3834,10,10,0.035388,38,0.46572,15,11
0,-0.92126,2.6133,-6.9615,7,15,3.7021,28,0.9715,15,6
0,-0.74553,8.3431,-4.6767,5,7,4.1133,35,0.73312,27,5
0,1.0354,11.196,-5.9958,8,20,19.144,49,0.97367,18,5
0,-1.2526,20.174,-3.7947,5,10,7.4077,28,0.99873,9,2
0,-0.55334,5.8689,-6.3445,10,13,8.1273,39,0.86191,18,9
0,1.3342,6.4409,-2.2425,8,12,13.031,36,0.99674,19,8
0,1.0475,8.4996,-1.428,4,8,0.41908,35,0.78175,14,9
0,1.5012,1.5246,-6.4285,12,12,10.652,30,0.99217,14,5
0,1.4541,8.683,-5.1963,6,14,20.929,33,0.94997,18,9
0,1.1609,7.4729,-3.7944,7,9,37.725,34,0.97433,21,5
